optimization_rank,campaign_id,campaign_name,normalized_channel,spend,conversions,attributed_revenue,attributed_roas,cost_per_conversion,spend_share,revenue_share,efficiency_gap,opportunity_score,waste_budget_flag,recommended_action,recommended_budget_shift_pct,recommended_monthly_budget,optimization_reason
189,CMP-000005,RETARGETING APAC 2025 SOCIAL,paid_social,14646.83,53,14575.0,0.9950958671603344,276.3552830188679,0.0039431136832441,0.0013739468567725,-0.0025691668264715,3.943729870639901,True,monitor,0.0,14646.83,Balanced spend and conversion performance.
191,CMP-000036,Creator Spark APAC FY25 Social,paid_social,16434.05,54,14850.0,0.90361170861717,304.3342592592592,0.0044242561309251,0.001399870382372,-0.0030243857485531,3.590829329020668,True,monitor,0.0,16434.05,Balanced spend and conversion performance.
192,CMP-000018,CREATOR SPARK NA Q4 SOCIAL,paid_social,14953.56,50,13750.0,0.9195134804019912,299.0712,0.0040256893163375,0.001296176279974,-0.0027295130363634,3.588071541516472,True,monitor,0.0,14953.56,Balanced spend and conversion performance.
193,CMP-000039,Retargeting APAC 2025 Social,paid_social,10486.57,37,10175.0,0.9702886644536776,283.4208108108108,0.0028231185626717,0.0009591704471808,-0.0018639481154909,3.510869135601187,True,monitor,0.0,10486.57,Balanced spend and conversion performance.
194,CMP-000053,Enterprise ABM Global 2024 Social,paid_social,23119.879999999997,68,18700.0,0.8088277274795544,339.9982352941176,0.0062241669482721,0.0017627997407647,-0.0044613672075074,3.3800490699447265,True,reduce,-0.25,17339.909999999996,High spend is not producing enough attributed revenue.
195,CMP-000032,Regional Expansion Global FY25 Social,paid_social,14971.52,47,12925.0,0.8633057966058222,318.54297872340425,0.0040305243776955,0.0012184057031756,-0.0028121186745199,3.313909085797902,True,monitor,0.0,14971.52,Balanced spend and conversion performance.
196,CMP-000059,Regional Expansion US FY25,paid_search,8570.87,30,8250.0,0.9625627270043764,285.6956666666667,0.0023073876582377,0.0007777057679844,-0.0015296818902533,3.2901312691448243,True,monitor,0.0,8570.87,Balanced spend and conversion performance.
197,CMP-000033,CART RECOVERY GLOBAL Q4 SOCIAL,paid_social,9713.66,33,9075.0,0.9342513532489298,294.35333333333335,0.0026150413202297,0.0008554763447828,-0.0017595649754468,3.276911442411786,True,monitor,0.0,9713.66,Balanced spend and conversion performance.
198,CMP-000057,product_launch_apac_fy25_social,paid_social,9879.08,33,9075.0,0.9186078055851354,299.3660606060606,0.0026595744967247,0.0008554763447828,-0.0018040981519418,3.2213013217002806,True,monitor,0.0,9879.08,Balanced spend and conversion performance.
199,CMP-000064,Cart Recovery APAC Q4 Social,paid_social,9786.33,32,8800.0,0.8992134947421556,305.8228125,0.0026346050122615,0.0008295528191834,-0.0018050521930781,3.1260562618078653,True,monitor,0.0,9786.33,Balanced spend and conversion performance.
200,CMP-000036,Holiday Promo EMEA 2025 Social,paid_social,8349.24,28,7700.0,0.9222396289961722,298.1871428571429,0.0022477220319133,0.0007258587167854,-0.0015218633151278,3.090235023815805,True,monitor,0.0,8349.24,Balanced spend and conversion performance.
201,CMP-000071,Lifecycle Winback Global 2025 Social,paid_social,27621.86,72,19800.0,0.716823559311357,383.63694444444445,0.0074361574567775,0.0018664938431626,-0.0055696636136148,3.019805771548856,True,reduce,-0.25,20716.395,High spend is not producing enough attributed revenue.
202,CMP-000073,Cart Recovery US 2025 Social,paid_social,19152.4,53,14575.0,0.7610012322215493,361.3660377358491,0.0051560706655955,0.0013739468567725,-0.0037821238088229,2.9978005366592844,True,reduce,-0.25,14364.3,High spend is not producing enough attributed revenue.
203,CMP-000041,creator_spark_emea_2025_social,paid_social,21224.21,56,15400.0,0.7255864882603404,379.00375,0.0057138283756312,0.0014517174335709,-0.0042621109420602,2.890962261863986,True,reduce,-0.25,15918.1575,High spend is not producing enough attributed revenue.
204,CMP-000023,regional_expansion_global_q4_social,paid_social,11336.2,33,9075.0,0.8005328064077909,343.52121212121216,0.0030518498088659,0.0008554763447828,-0.002196373464083,2.8010035525357955,True,monitor,0.0,11336.2,Balanced spend and conversion performance.
205,CMP-000040,competitor_search_global_q4_social,paid_social,13785.34,37,10175.0,0.7381029412404772,372.5767567567568,0.0037111895735918,0.0009591704471808,-0.002752019126411,2.657392852245587,True,monitor,0.0,13785.34,Balanced spend and conversion performance.
206,CMP-000039,PRODUCT LAUNCH NA 2025,paid_search,8412.47,25,6875.0,0.8172391699465199,336.49879999999996,0.0022647443553916,0.000648088139987,-0.0016166562154045,2.6464775481842606,True,monitor,0.0,8412.47,Balanced spend and conversion performance.
207,CMP-000011,ENTERPRISE ABM APAC FY25 SOCIAL,paid_social,10428.43,29,7975.0,0.7647363984799246,359.6010344827586,0.0028074665321952,0.0007517822423849,-0.0020556842898102,2.5804625932735634,True,monitor,0.0,10428.43,Balanced spend and conversion performance.
208,CMP-000021,COMPETITOR SEARCH EMEA 2025 SOCIAL,paid_social,17892.54,44,12100.0,0.6762594913857954,406.6486363636364,0.0048169002645618,0.0011406351263771,-0.0036762651381846,2.5375289878276153,True,reduce,-0.25,13419.405,High spend is not producing enough attributed revenue.
209,CMP-000062,Regional Expansion EMEA FY25 Social,paid_social,9682.84,27,7425.0,0.7668204782894275,358.6237037037037,0.0026067441826431,0.000699935191186,-0.0019068089914571,2.5361345663361656,True,monitor,0.0,9682.84,Balanced spend and conversion performance.
210,CMP-000071,cart_recovery_global_fy25_social,paid_social,14972.94,38,10450.0,0.6979257246739785,394.02473684210526,0.0040309066598296,0.0009850939727802,-0.0030458126870493,2.5264357898923335,True,monitor,0.0,14972.94,Balanced spend and conversion performance.
211,CMP-000028,Regional Expansion Global 2025,paid_search,8879.9,24,6600.0,0.7432516131938423,369.99583333333334,0.0023905824807032,0.0006221646143875,-0.0017684178663157,2.3747504708407927,True,monitor,0.0,8879.9,Balanced spend and conversion performance.
212,CMP-000068,Lifecycle Winback APAC 2025 Social,paid_social,26709.32,55,15125.0,0.5662817323690756,485.624,0.0071904900351916,0.0014257939079714,-0.0057646961272201,2.221836167552087,True,reduce,-0.25,20031.99,High spend is not producing enough attributed revenue.
213,CMP-000040,brand_search_emea_2024,paid_search,10314.15,25,6875.0,0.6665600170639364,412.566,0.0027767008967832,0.000648088139987,-0.0021286127567962,2.150430756411589,True,monitor,0.0,10314.15,Balanced spend and conversion performance.
214,CMP-000024,Product Launch Global 2025 Social,paid_social,9863.71,23,6325.0,0.6412394524980967,428.8569565217391,0.0026554366964422,0.000596241088788,-0.0020591956076542,2.017301542105254,True,monitor,0.0,9863.71,Balanced spend and conversion performance.
215,CMP-000047,Competitor SEM US FY25 Social,paid_social,10701.74,24,6600.0,0.6167221405117299,445.9058333333333,0.0028810450744987,0.0006221646143875,-0.0022588804601112,1.9625631841530649,True,monitor,0.0,10701.74,Balanced spend and conversion performance.
216,CMP-000034,Competitor Search US 2024 Social,paid_social,8460.25,20,5500.0,0.6500989923465619,423.0125,0.0022776073415657,0.0005184705119896,-0.0017591368295761,1.961649600644734,True,monitor,0.0,8460.25,Balanced spend and conversion performance.
217,CMP-000008,creator_spark_na_2025_social,paid_social,18171.29,36,9900.0,0.5448154754010309,504.7580555555556,0.0048919433243368,0.0009332469215813,-0.0039586964027555,1.927696995183806,True,reduce,-0.25,13628.4675,High spend is not producing enough attributed revenue.
218,CMP-000004,CREATOR SPARK APAC 2024 SOCIAL,paid_social,10069.85,21,5775.0,0.5734941434082931,479.5166666666667,0.0027109322169517,0.0005443940375891,-0.0021665381793626,1.7510293622337696,True,monitor,0.0,10069.85,Balanced spend and conversion performance.
219,CMP-000067,Regional Expansion APAC FY25 Social,paid_social,8651.7,18,4950.0,0.5721418911890148,480.65,0.0023291481264767,0.0004666234607906,-0.001862524665686,1.6660116393740787,True,monitor,0.0,8651.7,Balanced spend and conversion performance.
220,CMP-000048,Retargeting US FY25 Social,paid_social,11523.73,22,6050.0,0.5250036229588857,523.805909090909,0.0031023352797165,0.0005703175631885,-0.0025320177165279,1.6208256459641548,True,monitor,0.0,11523.73,Balanced spend and conversion performance.
221,CMP-000045,Retargeting EMEA Q4 Social,paid_social,12591.6,23,6325.0,0.5023190063216747,547.4608695652174,0.0033898195209431,0.000596241088788,-0.0027935784321551,1.568461057775621,True,monitor,0.0,12591.6,Balanced spend and conversion performance.
222,CMP-000030,LIFECYCLE WINBACK NA Q4 SOCIAL,paid_social,28589.51,43,11825.0,0.4136132448579916,664.8723255813953,0.0076966611941453,0.0011147116007777,-0.0065819495933676,1.499371457709231,True,reduce,-0.25,21442.1325,High spend is not producing enough attributed revenue.
223,CMP-000035,product_launch_global_2025_social,paid_social,10321.85,19,5225.0,0.5062077050141205,543.2552631578948,0.002778773835116,0.0004925469863901,-0.0022862268487259,1.4936004905452398,True,monitor,0.0,10321.85,Balanced spend and conversion performance.
224,CMP-000075,Competitor Search EMEA 2025 Social,paid_social,10444.31,19,5225.0,0.5002723971234098,549.7005263157895,0.0028117416309906,0.0004925469863901,-0.0023191946446005,1.475490219184812,True,monitor,0.0,10444.31,Balanced spend and conversion performance.
225,CMP-000056,ENTERPRISE ABM NA 2024 SOCIAL,paid_social,9569.21,17,4675.0,0.4885460764263717,562.8947058823529,0.002576153535532,0.0004406999351911,-0.0021354536003408,1.3907252457303578,True,monitor,0.0,9569.21,Balanced spend and conversion performance.
226,CMP-000061,Competitor Search Global FY25 Social,paid_social,15215.66,22,6050.0,0.3976166659875418,691.6209090909091,0.0040962499834837,0.0005703175631885,-0.0035259324202952,1.211465432158018,True,monitor,0.0,15215.66,Balanced spend and conversion performance.
227,CMP-000050,Enterprise ABM NA 2025 Social,paid_social,24232.29,29,7975.0,0.3291063287869202,835.5962068965517,0.0065236419262966,0.0007517822423849,-0.0057718596839116,1.061636986919401,True,reduce,-0.25,18174.2175,High spend is not producing enough attributed revenue.
228,CMP-000048,competitor_search_emea_fy25_social,paid_social,10658.93,15,4125.0,0.3869994455353398,710.5953333333333,0.0028695200757939,0.0003888528839922,-0.0024806671918017,1.0481836262863142,True,monitor,0.0,10658.93,Balanced spend and conversion performance.
229,CMP-000012,Product Launch NA Q4 Social,paid_social,9857.47,13,3575.0,0.3626691230102653,758.266923076923,0.0026537568087544,0.0003370058327932,-0.0023167509759611,0.933937097545767,True,monitor,0.0,9857.47,Balanced spend and conversion performance.
230,CMP-000039,Holiday Promo EMEA FY25 Social,paid_social,52790.39,49,13475.0,0.2552547916391601,1077.3548979591835,0.0142118471473207,0.0012702527543745,-0.0129415943929462,0.8691466732087003,True,reduce,-0.25,39592.7925,High spend is not producing enough attributed revenue.
231,CMP-000079,RETARGETING NA 2025 SOCIAL,paid_social,10485.1,12,3300.0,0.3147323344555607,873.7583333333333,0.0028227228198991,0.0003110823071937,-0.0025116405127053,0.7821560939071068,True,monitor,0.0,10485.1,Balanced spend and conversion performance.
232,CMP-000008,Competitor Search EMEA Q4 Social,paid_social,24131.23,23,6325.0,0.262108479343987,1049.1839130434782,0.0064964352837105,0.000596241088788,-0.0059001941949225,0.7739929147966083,True,reduce,-0.25,18098.4225,High spend is not producing enough attributed revenue.
233,CMP-000077,Regional Expansion EMEA FY25 Social,paid_social,36252.24,32,8800.0,0.2427436208079832,1132.8825,0.0097595659669873,0.0008295528191834,-0.0089300131478039,0.7594547741748259,True,reduce,-0.25,27189.18,High spend is not producing enough attributed revenue.
234,CMP-000062,Cart Recovery APAC 2024 Social,paid_social,15274.8,15,4125.0,0.2700526357137245,1018.32,0.0041121712267307,0.0003888528839922,-0.0037233183427385,0.7115117087636152,True,monitor,0.0,15274.8,Balanced spend and conversion performance.
235,CMP-000003,CART RECOVERY NA 2025 SOCIAL,paid_social,11790.8,12,3300.0,0.2798792278725786,982.5666666666666,0.0031742339343321,0.0003110823071937,-0.0028631516271383,0.6892445294272176,True,monitor,0.0,11790.8,Balanced spend and conversion performance.
236,CMP-000058,enterprise_abm_apac_q4_social,paid_social,15736.14,15,4125.0,0.2621354410929237,1049.076,0.0042363698462701,0.0003888528839922,-0.0038475169622779,0.6883185980508115,True,monitor,0.0,15736.14,Balanced spend and conversion performance.
237,CMP-000065,Holiday Promotion EMEA 2024,paid_search,9819.94,8,2200.0,0.2240339554009494,1227.4925,0.0026436532534777,0.0002073882047958,-0.0024362650486819,0.4678902624779932,True,monitor,0.0,9819.94,Balanced spend and conversion performance.
238,CMP-000040,COMPETITOR SEARCH APAC 2025 SOCIAL,paid_social,12447.42,9,2475.0,0.1988363853714263,1383.0466666666666,0.0033510044236934,0.0002333117303953,-0.0031176926932981,0.4266607699680843,True,monitor,0.0,12447.42,Balanced spend and conversion performance.
239,CMP-000037,Holiday Promo Global 2024 Social,paid_social,11850.2,8,2200.0,0.1856508750907158,1481.275,0.0031902251728994,0.0002073882047958,-0.0029828369681036,0.378088295872261,True,monitor,0.0,11850.2,Balanced spend and conversion performance.
240,CMP-000037,Enterprise ABM US FY25 Social,paid_social,8375.76,6,1650.0,0.1969970486260351,1395.96,0.0022548615545868,0.0001555411535968,-0.0020993204009899,0.3623453522454457,True,monitor,0.0,8375.76,Balanced spend and conversion performance.
241,CMP-000058,Product Launch EMEA Q4 Social,paid_social,9117.74,6,1650.0,0.1809658972508538,1519.6233333333332,0.0024546120460374,0.0001555411535968,-0.0022990708924405,0.3291526671689322,True,monitor,0.0,9117.74,Balanced spend and conversion performance.
242,CMP-000069,Lifecycle Winback EMEA FY25 Social,paid_social,21034.48,11,3025.0,0.1438114942703599,1912.2254545454543,0.0056627506366855,0.0002851587815942,-0.0053775918550912,0.3035822198774541,True,reduce,-0.25,15775.86,High spend is not producing enough attributed revenue.
243,CMP-000035,Brand Search NA Q4 Social,paid_social,18040.92,9,2475.0,0.1371881256609973,2004.5466666666664,0.0048568460554476,0.0002333117303953,-0.0046235343250523,0.2696519898322833,True,reduce,-0.25,13530.69,High spend is not producing enough attributed revenue.
244,CMP-000074,REGIONAL EXPANSION EMEA Q4 SOCIAL,paid_social,10036.83,5,1375.0,0.1369954457732172,2007.366,0.00270204281127,0.0001296176279974,-0.0025724251832726,0.2197386353725538,True,monitor,0.0,10036.83,Balanced spend and conversion performance.
245,CMP-000018,Competitor Search Global FY25 Social,paid_social,10461.99,4,1100.0,0.1051425206867909,2615.4975,0.002816501312773,0.0001036941023979,-0.002712807210375,0.1420922868984572,True,monitor,0.0,10461.99,Balanced spend and conversion performance.
246,CMP-000059,Retargeting APAC FY25 Social,paid_social,11341.0,3,825.0,0.07274490785645,3780.3333333333335,0.0030531420301643,7.777057679844459e-05,-0.0029753714533658,0.0710921410279241,True,monitor,0.0,11341.0,Balanced spend and conversion performance.
247,CMP-000047,Competitor SEM EMEA FY25 Social,paid_social,31467.69,7,1925.0,0.0611738580111854,4495.384285714285,0.0084715040059237,0.0001814646791963,-0.0082900393267273,0.0443070683460093,True,reduce,-0.25,23600.7675,High spend is not producing enough attributed revenue.
248,CMP-000027,LIFECYCLE WINBACK US 2025 SOCIAL,paid_social,12189.36,2,550.0,0.0451213189207636,6094.68,0.0032815313761399,5.184705119896306e-05,-0.003229684324941,0.0172739921978537,True,monitor,0.0,12189.36,Balanced spend and conversion performance.
249,CMP-000076,product_launch_global_q4_social,paid_social,27849.9,4,1100.0,0.0394974488238736,6962.475,0.0074975487369608,0.0001036941023979,-0.0073938546345629,-0.010369854764061,True,reduce,-0.25,20887.425000000003,High spend is not producing enough attributed revenue.
250,CMP-000038,Retargeting US FY25 Social,paid_social,21910.67,0,0.0,0.0,0.0,0.005898632174064,0.0,-0.005898632174064,-0.0589863217406401,True,pause_or_rebuild,-0.5,10955.335,Spend has produced no measurable conversions.
1,CMP-000051,Cart Recovery Global FY25 Social,paid_social,8560.6,629,172975.0,20.205943508632572,13.60985691573927,0.0023046228430847,0.0163058976020738,0.0140012747589891,130.38186329056822,False,scale,0.2,10272.72,High ROAS with enough conversion volume to justify budget expansion.
2,CMP-000046,Regional Expansion EMEA 2024 Social,paid_social,26573.65,1466,403150.0,15.171043496094814,18.12663710777626,0.0071539659386187,0.0380038885288399,0.0308499225902211,110.92019471403962,False,scale,0.2,31888.38,High ROAS with enough conversion volume to justify budget expansion.
3,CMP-000042,Creator Spark EMEA FY25 Social,paid_social,10943.78,671,184525.0,16.86117593738178,16.309657228017883,0.0029462053334689,0.0173946856772521,0.0144484803437831,109.9150960808058,False,scale,0.2,13132.536,High ROAS with enough conversion volume to justify budget expansion.
4,CMP-000029,Brand Search EMEA Q4 Social,paid_social,17376.24,879,241725.0,13.911237413847871,19.768191126279863,0.0046779057111561,0.0227867790019442,0.018108873290788,94.4981920351027,False,scale,0.2,20851.488,High ROAS with enough conversion volume to justify budget expansion.
5,CMP-000001,Creator Spark Global Q4 Social,paid_social,11152.52,550,151250.0,13.561957297543517,20.277309090909093,0.0030024008071817,0.0142579390797148,0.0112555382725331,85.71203333787614,False,scale,0.2,13383.024,High ROAS with enough conversion volume to justify budget expansion.
6,CMP-000002,BRAND SEARCH NA FY25 SOCIAL,paid_social,8489.73,432,118800.0,13.993377881275377,19.652152777777776,0.0022855437340399,0.011198963058976,0.008913419324936,85.03926123930334,False,scale,0.2,10187.676,High ROAS with enough conversion volume to justify budget expansion.
7,CMP-000037,Brand Search EMEA FY25 Social,paid_social,9150.67,422,116050.0,12.682131472340275,21.68405213270142,0.0024634772225697,0.0109397278029812,0.0084762505804114,76.77833154264191,False,scale,0.2,10980.804,High ROAS with enough conversion volume to justify budget expansion.
8,CMP-000080,Holiday Promo APAC 2025 Social,paid_social,14860.07,584,160600.0,10.807486102017016,25.44532534246575,0.004000520614424,0.0151393389500972,0.0111388183356731,68.972494669762,False,scale,0.2,17832.084,High ROAS with enough conversion volume to justify budget expansion.
9,CMP-000045,Regional Expansion US 2025 Social,paid_social,8951.51,352,96800.0,10.813818003889846,25.430426136363636,0.0024098608071983,0.0091250810110174,0.0067152202038191,63.50607009534816,False,scale,0.2,10741.812,High ROAS with enough conversion volume to justify budget expansion.
10,CMP-000057,cart_recovery_us_2025_social,paid_social,10193.28,382,105050.0,10.305809317511144,26.683979057591625,0.0027441611492137,0.0099027867790019,0.0071586256297881,61.37090066867808,False,scale,0.2,12231.936,High ROAS with enough conversion volume to justify budget expansion.
11,CMP-000015,Brand SEM NA 2024 Social,paid_social,13502.77,476,130900.0,9.694307168084771,28.36716386554622,0.0036351181210335,0.0123395981853532,0.0087044800643196,59.87684412754308,False,scale,0.2,16203.324,High ROAS with enough conversion volume to justify budget expansion.
12,CMP-000030,Lifecycle Winback APAC 2024 Social,paid_social,10052.13,369,101475.0,10.094875414464395,27.24154471544715,0.0027061617666586,0.0095657809462086,0.00685961917955,59.764672296774584,False,scale,0.2,12062.556,High ROAS with enough conversion volume to justify budget expansion.
13,CMP-000005,Enterprise ABM APAC 2025 Social,paid_social,20620.46,669,183975.0,8.921963913511144,30.822810164424514,0.0055512911654458,0.0173428386260531,0.0117915474606072,58.1756123997005,False,scale,0.2,24744.552,High ROAS with enough conversion volume to justify budget expansion.
14,CMP-000062,Cart Recovery Global 2025 Social,paid_social,10356.31,367,100925.0,9.74526641245772,28.21882833787466,0.0027880509071872,0.0095139338950097,0.0067258829878224,57.643101049230424,False,scale,0.2,12427.571999999998,High ROAS with enough conversion volume to justify budget expansion.
15,CMP-000076,Brand Search Global 2024,paid_search,9512.26,330,90750.0,9.540319545512844,28.825030303030303,0.0025608218682524,0.0085547634478289,0.0059939415795764,55.414002757784786,False,scale,0.2,11414.712,High ROAS with enough conversion volume to justify budget expansion.
16,CMP-000030,competitor_search_global_fy25_social,paid_social,10024.36,328,90200.0,8.998080675474544,30.562073170731708,0.002698685728022,0.0085029163966299,0.0058042306686079,52.21143754778242,False,scale,0.2,12029.232,High ROAS with enough conversion volume to justify budget expansion.
17,CMP-000033,Brand Search NA 2025 Social,paid_social,12786.99,387,106425.0,8.322912585369973,33.04131782945736,0.0034424210041698,0.0100324044069993,0.0065899834028294,49.67882619663645,False,scale,0.2,15344.388,High ROAS with enough conversion volume to justify budget expansion.
18,CMP-000041,Creator Spark APAC FY25 Social,paid_social,9644.88,304,83600.0,8.667811315433681,31.72657894736842,0.0025965248658752,0.0078807517822423,0.0052842269163671,49.63542541424994,False,scale,0.2,11573.855999999998,High ROAS with enough conversion volume to justify budget expansion.
19,CMP-000053,Competitor Search US 2024 Social,paid_social,18545.29,522,143550.0,7.740509854523709,35.527375478927205,0.0049926289005013,0.0135320803629293,0.008539451462428,48.53774652241277,False,scale,0.2,22254.348,High ROAS with enough conversion volume to justify budget expansion.
20,CMP-000030,creator_spark_global_q4_social,paid_social,8843.11,269,73975.0,8.365269684534061,32.87401486988848,0.0023806781428768,0.0069734283862605,0.0045927502433836,46.87823699727273,False,scale,0.2,10611.732,High ROAS with enough conversion volume to justify budget expansion.
21,CMP-000034,retargeting_na_2024_social,paid_social,15668.84,409,112475.0,7.178259526550785,38.310122249388755,0.0042182518268159,0.0106027219701879,0.006384470143372,43.24938214626514,False,scale,0.2,18802.608,High ROAS with enough conversion volume to justify budget expansion.
22,CMP-000021,enterprise_abm_na_2024_social,paid_social,30504.15,678,186450.0,6.1122830827936525,44.991371681415934,0.0082121067330426,0.0175761503564484,0.0093640436234058,39.94952264351795,False,scale,0.2,36604.98,High ROAS with enough conversion volume to justify budget expansion.
23,CMP-000081,creator_spark_apac_fy25_social,paid_social,9203.36,239,65725.0,7.141413570695919,38.50778242677824,0.002477662043447,0.006195722618276,0.003718060574829,39.176689788987055,False,scale,0.2,11044.032,High ROAS with enough conversion volume to justify budget expansion.
24,CMP-000071,COMPETITOR SEARCH EMEA FY25 SOCIAL,paid_social,28770.34,627,172425.0,5.99315128010305,45.885709728867624,0.0077453429394336,0.0162540505508749,0.0085087076114412,38.69620492189861,False,scale,0.2,34524.407999999996,High ROAS with enough conversion volume to justify budget expansion.
25,CMP-000057,Brand Search US FY25 Social,paid_social,8538.08,207,56925.0,6.667189813166426,41.24676328502415,0.0022985601714932,0.0053661697990926,0.0030676096275994,35.61705560864851,False,scale,0.2,10245.696,High ROAS with enough conversion volume to justify budget expansion.
26,CMP-000029,Lifecycle Winback US Q4 Social,paid_social,15076.39,330,90750.0,6.019345479919265,45.6860303030303,0.0040587567209371,0.0085547634478289,0.0044960067268917,34.96991508405135,False,scale,0.2,18091.668,High ROAS with enough conversion volume to justify budget expansion.
27,CMP-000073,Regional Expansion Global FY25 Social,paid_social,10093.61,227,62425.0,6.184605904131425,44.465242290748904,0.0027173287123786,0.0058846403110823,0.0031673115987036,33.610036148388815,False,scale,0.2,12112.332,High ROAS with enough conversion volume to justify budget expansion.
28,CMP-000078,Regional Expansion APAC Q4 Social,paid_social,12657.78,273,75075.0,5.9311348435507645,46.36549450549451,0.0034076360220944,0.0070771224886584,0.003669486466564,33.32891455777805,False,scale,0.2,15189.336,High ROAS with enough conversion volume to justify budget expansion.
29,CMP-000005,Lifecycle Winback Global 2024 Social,paid_social,15290.88,315,86625.0,5.665141574585635,48.54247619047619,0.0041165001680803,0.0081659105638366,0.0040494103957563,32.64758861074633,False,scale,0.2,18349.055999999997,High ROAS with enough conversion volume to justify budget expansion.
30,CMP-000071,brand_search_us_fy25_social,paid_social,13152.25,277,76175.0,5.791784675625843,47.481046931407946,0.0035407536607202,0.0071808165910563,0.0036400629303361,32.630370355805226,False,scale,0.2,15782.7,High ROAS with enough conversion volume to justify budget expansion.
31,CMP-000044,brand_search_us_fy25_social,paid_social,13998.94,292,80300.0,5.736148594107839,47.941575342465754,0.0037686934213692,0.0075696694750486,0.0038009760536793,32.620323886039905,False,scale,0.2,16798.728,High ROAS with enough conversion volume to justify budget expansion.
32,CMP-000018,Cart Recovery APAC 2024 Social,paid_social,20388.04,401,110275.0,5.408808301337451,50.84299251870324,0.0054887207333278,0.010395333765392,0.0049066130320642,32.4827259658155,False,scale,0.2,24465.648,High ROAS with enough conversion volume to justify budget expansion.
33,CMP-000075,Competitor Search NA 2024 Social,paid_social,11663.43,248,68200.0,5.847336503927232,47.02995967741936,0.0031399443037544,0.0064290343486714,0.0032890900449169,32.29529463064629,False,scale,0.2,13996.116,High ROAS with enough conversion volume to justify budget expansion.
34,CMP-000035,Enterprise ABM APAC FY25 Social,paid_social,45012.15,789,216975.0,4.820365168071287,57.04961977186312,0.0121178456073591,0.0204536616979909,0.0083358160906317,32.24499337143092,False,scale,0.2,54014.58,High ROAS with enough conversion volume to justify budget expansion.
35,CMP-000007,Brand Search NA 2025 Social,paid_social,11289.13,238,65450.0,5.797612393514824,47.43331932773109,0.0030391779637588,0.0061697990926766,0.0031306211289177,31.78171917259952,False,scale,0.2,13546.955999999998,High ROAS with enough conversion volume to justify budget expansion.
36,CMP-000063,CREATOR SPARK APAC 2025 SOCIAL,paid_social,8440.37,181,49775.0,5.897253319463482,46.63187845303868,0.0022722553916883,0.0046921581335061,0.0024199027418177,30.71354473729197,False,scale,0.2,10128.444,High ROAS with enough conversion volume to justify budget expansion.
37,CMP-000039,Retargeting US FY25 Social,paid_social,8741.56,178,48950.0,5.599687012386806,49.10988764044944,0.0023533395860332,0.0046143875567077,0.0022610479706744,29.070347404912884,False,scale,0.2,10489.872,High ROAS with enough conversion volume to justify budget expansion.
38,CMP-000067,competitor_search_emea_q4_social,paid_social,15398.9,284,78100.0,5.071790842203015,54.221478873239434,0.0041455805315489,0.0073622812702527,0.0032167007387037,28.70040986752521,False,scale,0.2,18478.68,High ROAS with enough conversion volume to justify budget expansion.
39,CMP-000070,Competitor SEM EMEA 2024 Social,paid_social,26149.96,433,119075.0,4.553544250163289,60.392517321016165,0.0070399031798884,0.0112248865845755,0.004184983404687,27.69572685328536,False,scale,0.2,31379.951999999997,High ROAS with enough conversion volume to justify budget expansion.
40,CMP-000019,Regional Expansion US 2024 Social,paid_social,8568.84,168,46200.0,5.391628271738065,51.005,0.0023068411563136,0.0043551523007128,0.0020483111443992,27.678990053976005,False,scale,0.2,10282.608,High ROAS with enough conversion volume to justify budget expansion.
41,CMP-000024,Retargeting US 2025 Social,paid_social,14710.41,263,72325.0,4.916586281415678,55.933117870722434,0.003960230231192,0.0068178872326636,0.0028576570014715,27.443211436415947,False,scale,0.2,17652.492,High ROAS with enough conversion volume to justify budget expansion.
42,CMP-000008,CREATOR SPARK EMEA 2024 SOCIAL,paid_social,28646.56,464,127600.0,4.45428700688669,61.73827586206897,0.007712019782702,0.0120285158781594,0.0043164960954574,27.40156237247437,False,scale,0.2,34375.872,High ROAS with enough conversion volume to justify budget expansion.
43,CMP-000027,Enterprise ABM Global Q4 Social,paid_social,14655.6,260,71500.0,4.878681186713612,56.3676923076923,0.0039454746792413,0.0067401166558651,0.0027946419766238,27.17546744405543,False,scale,0.2,17586.719999999998,High ROAS with enough conversion volume to justify budget expansion.
44,CMP-000068,Enterprise ABM NA FY25 Social,paid_social,20274.54,340,93500.0,4.6116952591772735,59.631,0.0054581650838768,0.0088139987038237,0.0033558336199468,26.92842310876688,False,scale,0.2,24329.448,High ROAS with enough conversion volume to justify budget expansion.
45,CMP-000030,Lifecycle Winback US 2025 Social,paid_social,9566.9,175,48125.0,5.030365113046024,54.668,0.0025755316540321,0.0045366169799092,0.001961085325877,26.02903315946152,False,scale,0.2,11480.28,High ROAS with enough conversion volume to justify budget expansion.
46,CMP-000050,Product Launch Global FY25 Social,paid_social,29481.82,450,123750.0,4.197502053808075,65.51515555555555,0.0079368824413842,0.0116655865197666,0.0037287040783824,25.690183750127293,False,scale,0.2,35378.184,High ROAS with enough conversion volume to justify budget expansion.
47,CMP-000047,Cart Recovery EMEA 2024 Social,paid_social,9764.49,174,47850.0,4.900409545198982,56.117758620689656,0.0026287254053539,0.0045106934543097,0.0018819680489558,25.32838616601417,False,scale,0.2,11717.388,High ROAS with enough conversion volume to justify budget expansion.
48,CMP-000047,Brand Search EMEA 2024 Social,paid_social,9601.07,170,46750.0,4.869248948294305,56.476882352941175,0.0025847306543999,0.0044069993519118,0.0018222686975119,25.054262551958853,False,scale,0.2,11521.284,High ROAS with enough conversion volume to justify budget expansion.
49,CMP-000072,CART RECOVERY NA Q4 SOCIAL,paid_social,9170.75,163,44825.0,4.887822697162173,56.262269938650306,0.0024688830150012,0.0042255346727154,0.0017566516577142,24.944809394991633,False,scale,0.2,11004.9,High ROAS with enough conversion volume to justify budget expansion.
50,CMP-000045,product_launch_global_2025_social,paid_social,13602.65,227,62425.0,4.589179314324783,59.92356828193832,0.0036620070925504,0.0058846403110823,0.0022226332185318,24.938466982902717,False,scale,0.2,16323.179999999998,High ROAS with enough conversion volume to justify budget expansion.
51,CMP-000008,brand_search_apac_fy25_social,paid_social,16170.73,258,70950.0,4.387557024327288,62.6772480620155,0.0043533670241988,0.0066882696046662,0.0023349025804674,24.404249020893467,False,scale,0.2,19404.876,High ROAS with enough conversion volume to justify budget expansion.
52,CMP-000019,CART RECOVERY APAC 2024 SOCIAL,paid_social,8976.91,157,43175.0,4.809561419241142,57.17777070063694,0.0024166988115688,0.0040699935191186,0.0016532947075497,24.36539469916383,False,scale,0.2,10772.292,High ROAS with enough conversion volume to justify budget expansion.
53,CMP-000008,Product Launch EMEA FY25 Social,paid_social,15129.43,240,66000.0,4.362358661231784,63.03929166666667,0.0040730357662841,0.0062216461438755,0.0021486103775914,23.948137511686404,False,scale,0.2,18155.316,High ROAS with enough conversion volume to justify budget expansion.
54,CMP-000014,lifecycle_winback_emea_2025_social,paid_social,14711.18,234,64350.0,4.374224229463578,62.8682905982906,0.0039604375250253,0.0060661049902786,0.0021056674652533,23.90250791345028,False,scale,0.2,17653.416,High ROAS with enough conversion volume to justify budget expansion.
55,CMP-000020,Creator Spark US 2025 Social,paid_social,11541.1,190,52250.0,4.527298091169819,60.74263157894737,0.00310701150554,0.0049254698639014,0.0018184583583614,23.796792048681084,False,scale,0.2,13849.32,High ROAS with enough conversion volume to justify budget expansion.
56,CMP-000036,Enterprise ABM EMEA 2024 Social,paid_social,13767.42,219,60225.0,4.374457959443381,62.86493150684932,0.0037063652807446,0.0056772521062864,0.0019708868255418,23.613905818669583,False,scale,0.2,16520.904,High ROAS with enough conversion volume to justify budget expansion.
57,CMP-000005,Competitor Search APAC 2024 Social,paid_social,9899.94,164,45100.0,4.555583165150495,60.36548780487805,0.0026651902751172,0.0042514581983149,0.0015862679231977,23.27642192230983,False,scale,0.2,11879.928,High ROAS with enough conversion volume to justify budget expansion.
58,CMP-000022,Holiday Promo APAC 2025 Social,paid_social,13537.02,208,57200.0,4.225449914382929,65.08182692307693,0.0036443386584229,0.0053920933246921,0.0017477546662692,22.59124335423239,False,scale,0.2,16244.424,High ROAS with enough conversion volume to justify budget expansion.
59,CMP-000043,Retargeting Global 2024 Social,paid_social,21599.84,309,84975.0,3.934056918940141,69.90239482200647,0.0058149527686115,0.0080103694102397,0.0021954166416282,22.58995610431464,False,maintain,0.0,21599.84,Balanced spend and conversion performance.
60,CMP-000078,Product Launch EMEA 2024 Social,paid_social,20820.04,298,81950.0,3.936111554060415,69.86590604026846,0.0056050206501809,0.0077252106286454,0.0021201899784645,22.458783712277167,False,maintain,0.0,20820.04,Balanced spend and conversion performance.
61,CMP-000074,enterprise_abm_us_q4_social,paid_social,8644.32,142,39050.0,4.517417217317267,60.875492957746474,0.0023271613362304,0.0036811406351263,0.0013539792988958,22.43277957259561,False,scale,0.2,10373.184,High ROAS with enough conversion volume to justify budget expansion.
62,CMP-000057,Brand Search EMEA Q4 Social,paid_social,17836.1,258,70950.0,3.977887542680295,69.13217054263565,0.0048017058957952,0.0066882696046662,0.001886563708871,22.123302760539588,False,maintain,0.0,17836.1,Balanced spend and conversion performance.
63,CMP-000060,retargeting_us_fy25_social,paid_social,58424.67,700,192500.0,3.2948410320503307,83.46381428571428,0.0157286672758556,0.018146467919637,0.0024178006437813,21.613649855472797,False,maintain,0.0,58424.67,Balanced spend and conversion performance.
64,CMP-000013,product_launch_apac_2024_social,paid_social,10987.31,163,44825.0,4.07970649776879,67.40680981595092,0.0029579241653685,0.0042255346727154,0.0012676105073469,20.81863430842076,False,scale,0.2,13184.772,High ROAS with enough conversion volume to justify budget expansion.
65,CMP-000016,Retargeting EMEA 2024 Social,paid_social,8670.17,133,36575.0,4.218487065420862,65.18924812030075,0.0023341204863477,0.003447828904731,0.0011137084183833,20.672610928780255,False,scale,0.2,10404.204,High ROAS with enough conversion volume to justify budget expansion.
66,CMP-000039,COMPETITOR SEARCH EMEA Q4 SOCIAL,paid_social,31888.11,397,109175.0,3.423689895700937,80.32269521410579,0.0085846864388945,0.0102916396629941,0.0017069532240996,20.512824773831937,False,maintain,0.0,31888.11,Balanced spend and conversion performance.
67,CMP-000079,Cart Recovery APAC 2024 Social,paid_social,19992.22,264,72600.0,3.6314126195089886,75.72810606060607,0.0053821609345111,0.0068438107582631,0.0014616498237519,20.27691780177458,False,maintain,0.0,19992.22,Balanced spend and conversion performance.
68,CMP-000072,Lifecycle Winback US 2025 Social,paid_social,17538.14,236,64900.0,3.7005064391092786,74.31415254237288,0.004721491258699,0.0061179520414776,0.0013964607827786,20.248556369535137,False,maintain,0.0,17538.14,Balanced spend and conversion performance.
69,CMP-000008,product_launch_apac_fy25_social,paid_social,11142.55,161,44275.0,3.973506962050877,69.20838509316769,0.0029997167558599,0.0041736876215165,0.0011739708656566,20.22733916680697,False,maintain,0.0,11142.55,Balanced spend and conversion performance.
70,CMP-000066,Lifecycle Winback Global 2024,paid_search,8770.25,131,36025.0,4.107636612411277,66.94847328244275,0.0023610633004186,0.003395981853532,0.0010349185531133,20.067125133899083,False,scale,0.2,10524.3,High ROAS with enough conversion volume to justify budget expansion.
71,CMP-000066,Product Launch EMEA 2024 Social,paid_social,9465.84,138,37950.0,4.009152911944423,68.59304347826087,0.0025483250114461,0.0035774465327284,0.0010291215212823,19.79335175313759,False,scale,0.2,11359.008,High ROAS with enough conversion volume to justify budget expansion.
72,CMP-000049,Lifecycle Winback APAC FY25 Social,paid_social,12384.92,168,46200.0,3.730343030072055,73.71976190476191,0.0033341786255376,0.0043551523007128,0.0010209736751752,19.146491652940632,False,maintain,0.0,12384.92,Balanced spend and conversion performance.
73,CMP-000001,Retargeting NA 2024 Social,paid_social,8510.17,122,33550.0,3.942341927364553,69.75549180327869,0.0022910464430688,0.0031626701231367,0.0008716236800679,18.979992383193125,False,maintain,0.0,8510.17,Balanced spend and conversion performance.
74,CMP-000037,Regional Expansion APAC 2025 Social,paid_social,11163.71,151,41525.0,3.719641588683332,73.93185430463575,0.0030054132980835,0.0039144523655217,0.0009090390674381,18.69612531259027,False,maintain,0.0,11163.71,Balanced spend and conversion performance.
75,CMP-000038,competitor_search_emea_q4,paid_search,15527.11,197,54175.0,3.489058813906773,78.81781725888325,0.0041800963008539,0.0051069345430978,0.0009268382422439,18.46034307615981,False,maintain,0.0,15527.11,Balanced spend and conversion performance.
76,CMP-000061,Cart Recovery Global Q4 Social,paid_social,16721.23,206,56650.0,3.3879086646137875,81.17101941747572,0.0045015686543553,0.0053402462734931,0.0008386776191378,18.075150981843905,False,maintain,0.0,16721.23,Balanced spend and conversion performance.
77,CMP-000039,lifecycle_winback_emea_2025_social,paid_social,9767.99,130,35750.0,3.659913656750263,75.13838461538461,0.0026296676500506,0.0033700583279325,0.0007403906778819,17.85020516931504,False,maintain,0.0,9767.99,Balanced spend and conversion performance.
78,CMP-000009,ENTERPRISE ABM EMEA FY25 SOCIAL,paid_social,8644.48,113,31075.0,3.5947795587473164,76.49982300884956,0.0023272044102737,0.0029293583927414,0.0006021539824676,17.031610908283966,False,maintain,0.0,8644.48,Balanced spend and conversion performance.
79,CMP-000049,holiday_promo_global_q4_social,paid_social,22017.73,246,67650.0,3.0725238251173033,89.5029674796748,0.005927454093273,0.0063771872974724,0.0004497332041994,16.932224258154843,False,maintain,0.0,22017.73,Balanced spend and conversion performance.
80,CMP-000048,creator_spark_emea_fy25_social,paid_social,23777.99,257,70675.0,2.9722865557601796,92.52136186770429,0.0064013385646615,0.0066623460790667,0.0002610075144052,16.507597194086202,False,maintain,0.0,23777.99,Balanced spend and conversion performance.
81,CMP-000002,Product Launch US Q4 Social,paid_social,11388.06,137,37675.0,3.308289559415739,83.12452554744524,0.0030658111831437,0.0035515230071289,0.0004857118239852,16.305639041438155,False,maintain,0.0,11388.06,Balanced spend and conversion performance.
82,CMP-000037,RETARGETING US 2025 SOCIAL,paid_social,10565.81,126,34650.0,3.279445683766791,83.85563492063491,0.0028444509826056,0.0032663642255346,0.000421913242929,15.890467564474744,False,maintain,0.0,10565.81,Balanced spend and conversion performance.
83,CMP-000035,LIFECYCLE WINBACK APAC 2024 SOCIAL,paid_social,15134.75,169,46475.0,3.070747782421249,89.55473372781066,0.0040744679782231,0.0043810758263123,0.0003066078480891,15.7738077400155,False,maintain,0.0,15134.75,Balanced spend and conversion performance.
84,CMP-000007,LIFECYCLE WINBACK US Q4 SOCIAL,paid_social,9050.94,110,30250.0,3.342194291421664,82.28127272727274,0.0024366286329684,0.0028515878159429,0.0004149591829745,15.744314545933747,False,maintain,0.0,9050.94,Balanced spend and conversion performance.
85,CMP-000032,Brand SEM Global 2024 Social,paid_social,20689.65,213,58575.0,2.831125707781427,97.13450704225352,0.0055699179970363,0.0055217109526895,-4.8207044346746525e-05,15.19127057302343,False,maintain,0.0,20689.65,Balanced spend and conversion performance.
86,CMP-000019,Lifecycle Winback US 2024 Social,paid_social,27204.03,266,73150.0,2.6889398372226467,102.2707894736842,0.0073236722848823,0.006895657809462,-0.0004280144754202,15.019495353287017,False,maintain,0.0,27204.03,Balanced spend and conversion performance.
87,CMP-000016,RETARGETING GLOBAL 2024 SOCIAL,paid_social,8606.6,101,27775.0,3.227174493992982,85.21386138613862,0.0023170066305274,0.0026182760855476,0.0003012694550201,14.928606992992169,False,maintain,0.0,8606.6,Balanced spend and conversion performance.
88,CMP-000056,enterprise_abm_us_2024_social,paid_social,16782.72,174,47850.0,2.851146893948061,96.45241379310346,0.0045181225476129,0.0045106934543097,-7.42909330321128e-06,14.725489196525508,False,maintain,0.0,16782.72,Balanced spend and conversion performance.
89,CMP-000038,Lifecycle Winback NA 2024 Social,paid_social,18608.74,183,50325.0,2.704374396117093,101.68710382513662,0.0050097104507891,0.0047440051847051,-0.000265705266084,14.100481687612396,False,maintain,0.0,18608.74,Balanced spend and conversion performance.
90,CMP-000070,Enterprise ABM APAC FY25,paid_search,9354.96,103,28325.0,3.027805570520879,90.82485436893204,0.0025184746994538,0.0026701231367465,0.0001516484372927,14.063829120469649,False,maintain,0.0,9354.96,Balanced spend and conversion performance.
91,CMP-000068,Brand SEM APAC Q4 Social,paid_social,14790.89,150,41250.0,2.7888788301447716,98.60593333333333,0.0039818964749613,0.0038885288399222,-9.336763503913632e-05,13.991651845454966,False,maintain,0.0,14790.89,Balanced spend and conversion performance.
92,CMP-000025,Holiday Promotion EMEA 2024 Social,paid_social,17833.95,175,48125.0,2.698504818057694,101.90828571428573,0.0048011270883386,0.0045366169799092,-0.0002645101084293,13.949930871216347,False,maintain,0.0,17833.95,Balanced spend and conversion performance.
93,CMP-000019,Creator Spark EMEA 2024 Social,paid_social,8730.79,96,26400.0,3.0237813531192477,90.94572916666668,0.002350440164495,0.0024886584575502,0.0001382182930551,13.83430793563899,False,maintain,0.0,8730.79,Balanced spend and conversion performance.
94,CMP-000009,Regional Expansion US FY25 Social,paid_social,10980.91,114,31350.0,2.8549546440140205,96.32377192982456,0.0029562012036373,0.0029552819183408,-9.192852964802836e-07,13.546556822549029,False,maintain,0.0,10980.91,Balanced spend and conversion performance.
95,CMP-000040,Enterprise ABM US 2025,paid_search,9150.68,95,26125.0,2.8549790835216617,96.32294736842104,0.0024634799146974,0.0024627349319507,-7.449827467117046e-07,13.031111166723129,False,maintain,0.0,9150.68,Balanced spend and conversion performance.
96,CMP-000023,lifecycle_winback_emea_2024_social,paid_social,13007.61,127,34925.0,2.684966723325807,102.42212598425198,0.0035018147255961,0.0032922877511341,-0.0002095269744619,13.025444529449285,False,maintain,0.0,13007.61,Balanced spend and conversion performance.
97,CMP-000038,Retargeting APAC 2024 Social,paid_social,11052.93,110,30250.0,2.73683086747134,100.48118181818182,0.0029755899073683,0.0028515878159429,-0.0001240020914253,12.887947605325856,False,maintain,0.0,11052.93,Balanced spend and conversion performance.
98,CMP-000059,Retargeting US 2025 Social,paid_social,9519.86,97,26675.0,2.802037004745868,98.14288659793814,0.0025628678853081,0.0025145819831497,-4.828590215845809e-05,12.84676568176972,False,maintain,0.0,9519.86,Balanced spend and conversion performance.
99,CMP-000019,lifecycle_winback_global_2025_social,paid_social,9323.35,95,26125.0,2.802104393806947,98.14052631578949,0.0025099648837785,0.0024627349319507,-4.722995182778649e-05,12.789307822658538,False,maintain,0.0,9323.35,Balanced spend and conversion performance.
100,CMP-000008,Brand Search EMEA Q4 Social,paid_social,15880.27,145,39875.0,2.5109774581918316,109.51910344827589,0.0042751714828813,0.0037589112119248,-0.0005162602709565,12.508561284895617,False,maintain,0.0,15880.27,Balanced spend and conversion performance.
101,CMP-000025,Holiday Promotion APAC 2025 Social,paid_social,47751.03,364,100100.0,2.096289860134954,131.18414835164836,0.0128551870802077,0.0094361633182112,-0.0034190237619965,12.33370476053206,False,maintain,0.0,47751.03,Balanced spend and conversion performance.
102,CMP-000011,Retargeting APAC 2025 Social,paid_social,16810.66,147,40425.0,2.4047241452744865,114.358231292517,0.0045256443524205,0.0038107582631237,-0.0007148860892967,12.009768152889617,False,maintain,0.0,16810.66,Balanced spend and conversion performance.
103,CMP-000006,ENTERPRISE ABM APAC FY25 SOCIAL,paid_social,29456.99,234,64350.0,2.1845409188107814,125.88457264957266,0.0079301978882928,0.0060661049902786,-0.0018640928980141,11.908047026414373,False,maintain,0.0,29456.99,Balanced spend and conversion performance.
104,CMP-000023,Lifecycle Winback EMEA 2024 Social,paid_social,13964.1,121,33275.0,2.382896140818241,115.40578512396696,0.0037593140484452,0.0031367465975372,-0.0006225674509079,11.441257533395412,False,maintain,0.0,13964.1,Balanced spend and conversion performance.
105,CMP-000045,Cart Recovery US 2024 Social,paid_social,9908.29,91,25025.0,2.5256628540343486,108.8823076923077,0.0026674382017508,0.0023590408295528,-0.000308397372198,11.417429469127615,False,maintain,0.0,9908.29,Balanced spend and conversion performance.
106,CMP-000072,Retargeting US 2024 Social,paid_social,26378.98,204,56100.0,2.1266932989827505,129.30872549019608,0.0071015582885868,0.0052883992222942,-0.0018131590662926,11.302278062389036,False,maintain,0.0,26378.98,Balanced spend and conversion performance.
107,CMP-000070,LIFECYCLE WINBACK EMEA 2025 SOCIAL,paid_social,10320.81,92,25300.0,2.4513579844992788,112.18271739130434,0.0027784938538347,0.0023849643551523,-0.0003935294986824,11.107088663091794,False,maintain,0.0,10320.81,Balanced spend and conversion performance.
108,CMP-000055,Lifecycle Winback NA 2025 Social,paid_social,13662.49,114,31350.0,2.2946036922991344,119.84640350877191,0.0036781167847367,0.0029552819183408,-0.0007228348663958,10.880510432787146,False,maintain,0.0,13662.49,Balanced spend and conversion performance.
109,CMP-000002,lifecycle_winback_emea_fy25_social,paid_social,31370.02,227,62425.0,1.989957290432075,138.19392070484582,0.0084452099946296,0.0058846403110823,-0.0025605696835473,10.778560219777937,False,monitor,0.0,31370.02,Balanced spend and conversion performance.
110,CMP-000012,brand_search_global_fy25_social,paid_social,11860.27,100,27500.0,2.3186655953026363,118.6027,0.0031929361454983,0.0025923525599481,-0.0006005835855501,10.694915324719648,False,maintain,0.0,11860.27,Balanced spend and conversion performance.
111,CMP-000074,Product Launch NA FY25 Social,paid_social,12486.3,104,28600.0,2.29051039939774,120.06057692307692,0.0033614714162102,0.002696046662346,-0.0006654247538641,10.653290332881912,False,maintain,0.0,12486.3,Balanced spend and conversion performance.
112,CMP-000020,LIFECYCLE WINBACK APAC Q4 SOCIAL,paid_social,14008.52,114,31350.0,2.2379237778152152,122.88175438596492,0.0037712724797105,0.0029552819183408,-0.0008159905613696,10.610636528569778,False,maintain,0.0,14008.52,Balanced spend and conversion performance.
113,CMP-000024,Product Launch US Q4 Social,paid_social,9120.37,80,22000.0,2.4121828390734144,114.004625,0.0024553200756238,0.0020738820479585,-0.0003814380276652,10.596400457804878,False,maintain,0.0,9120.37,Balanced spend and conversion performance.
114,CMP-000036,Holiday Promo NA 2024 Social,paid_social,10408.92,89,24475.0,2.3513486509647494,116.9541573033708,0.0028022141910429,0.0023071937783538,-0.000495020412689,10.575671193802313,False,maintain,0.0,10408.92,Balanced spend and conversion performance.
115,CMP-000051,holiday_promo_us_fy25_social,paid_social,10148.62,85,23375.0,2.3032688188147747,119.39552941176473,0.0027321381068835,0.0022034996759559,-0.0005286384309275,10.254272851323323,False,maintain,0.0,10148.62,Balanced spend and conversion performance.
116,CMP-000035,CREATOR SPARK EMEA 2025 SOCIAL,paid_social,18932.17,142,39050.0,2.0626267353399004,133.32514084507042,0.0050967819371497,0.0036811406351263,-0.0014156413020234,10.222339604691912,False,maintain,0.0,18932.17,Balanced spend and conversion performance.
117,CMP-000052,LIFECYCLE WINBACK NA 2024 SOCIAL,paid_social,8530.73,73,20075.0,2.35325698973007,116.85931506849316,0.0022965814576301,0.0018924173687621,-0.0004041640888679,10.124529623947238,False,maintain,0.0,8530.73,Balanced spend and conversion performance.
118,CMP-000050,Retargeting NA 2025 Social,paid_social,11949.66,96,26400.0,2.209267878751362,124.475625,0.0032170010750527,0.0024886584575502,-0.0007283426175025,10.099478593203711,False,maintain,0.0,11949.66,Balanced spend and conversion performance.
119,CMP-000053,Holiday Promo Global Q4 Social,paid_social,13817.28,106,29150.0,2.1096771578776723,130.35169811320753,0.0037197882294814,0.002747893713545,-0.0009718945159363,9.848441309577066,False,maintain,0.0,13817.28,Balanced spend and conversion performance.
120,CMP-000044,brand_search_global_fy25_social,paid_social,8480.06,71,19525.0,2.3024601241028955,119.43746478873238,0.0022829404465492,0.0018405703175631,-0.000442370128986,9.842429501846494,False,maintain,0.0,8480.06,Balanced spend and conversion performance.
121,CMP-000067,Enterprise ABM NA 2025 Social,paid_social,12005.67,94,25850.0,2.153149303620706,127.71989361702128,0.003232079682328,0.0024368114063512,-0.0007952682759768,9.79722417516436,False,maintain,0.0,12005.67,Balanced spend and conversion performance.
122,CMP-000056,holiday_promo_global_2024_social,paid_social,20313.54,143,39325.0,1.935900881874848,142.05272727272728,0.005468664381926,0.0037070641607258,-0.0017616002212002,9.603449947190526,False,monitor,0.0,20313.54,Balanced spend and conversion performance.
123,CMP-000031,Brand Search US 2024 Social,paid_social,13795.14,102,28050.0,2.0333247795962928,135.2464705882353,0.0037138278587426,0.0026441996111471,-0.0010696282475955,9.41321301600462,False,maintain,0.0,13795.14,Balanced spend and conversion performance.
124,CMP-000072,Holiday Promo Global Q4 Social,paid_social,17799.31,122,33550.0,1.8849045271979643,145.8959836065574,0.0047918015579687,0.0031626701231367,-0.001629131434832,9.054216762804366,False,monitor,0.0,17799.31,Balanced spend and conversion performance.
125,CMP-000064,Regional Expansion EMEA 2025 Social,paid_social,10624.24,79,21725.0,2.0448521494243352,134.4840506329114,0.0028601810847855,0.002047958522359,-0.0008122225624264,8.952474357123307,False,maintain,0.0,10624.24,Balanced spend and conversion performance.
126,CMP-000075,Regional Expansion US Q4 Social,paid_social,18361.25,124,34100.0,1.8571720334944517,148.07459677419354,0.0049430829822197,0.0032145171743357,-0.001728565807884,8.94972358377607,False,monitor,0.0,18361.25,Balanced spend and conversion performance.
127,CMP-000018,Cart Recovery US 2024,paid_search,10234.85,75,20625.0,2.015173646902495,136.46466666666666,0.0027553523240831,0.0019442644199611,-0.000811087904122,8.719068820065809,False,maintain,0.0,10234.85,Balanced spend and conversion performance.
128,CMP-000023,Creator Spark NA 2024 Social,paid_social,8819.36,66,18150.0,2.057972460586709,133.6266666666667,0.0023742843395776,0.0017109526895657,-0.0006633316500118,8.646508299438683,False,maintain,0.0,8819.36,Balanced spend and conversion performance.
129,CMP-000039,Holiday Promotion APAC 2025 Social,paid_social,27074.76,165,45375.0,1.67591513276572,164.08945454545454,0.0072888711500406,0.0042773817239144,-0.0030114894261262,8.537142798759035,False,monitor,0.0,27074.76,Balanced spend and conversion performance.
130,CMP-000081,Lifecycle Winback NA 2024 Social,paid_social,11028.6,78,21450.0,1.9449431478156791,141.3923076923077,0.0029690399606621,0.0020220349967595,-0.0009470049639026,8.488857610754643,False,monitor,0.0,11028.6,Balanced spend and conversion performance.
131,CMP-000020,LIFECYCLE WINBACK US 2025 SOCIAL,paid_social,11033.08,78,21450.0,1.9441534005010388,141.44974358974358,0.002970246033874,0.0020220349967595,-0.0009482110371144,8.485394790314576,False,monitor,0.0,11033.08,Balanced spend and conversion performance.
132,CMP-000071,Lifecycle Winback APAC Q4 Social,paid_social,9761.93,70,19250.0,1.971946121310028,139.45614285714285,0.0026280362206614,0.0018146467919637,-0.0008133894286977,8.39764115563095,False,monitor,0.0,9761.93,Balanced spend and conversion performance.
133,CMP-000063,Regional Expansion Global FY25 Social,paid_social,13302.17,89,24475.0,1.839925365560657,149.46258426966293,0.0035811140392726,0.0023071937783538,-0.0012739202609187,8.266574750026603,False,monitor,0.0,13302.17,Balanced spend and conversion performance.
134,CMP-000050,BRAND SEARCH US 2025,paid_search,8360.39,60,16500.0,1.973592141036483,139.33983333333333,0.0022507237543043,0.0015554115359688,-0.0006953122183354,8.10623522894137,False,monitor,0.0,8360.39,Balanced spend and conversion performance.
135,CMP-000001,HOLIDAY PROMO EMEA 2024,paid_search,9411.76,65,17875.0,1.8992196996098496,144.7963076923077,0.0025337659848178,0.0016850291639662,-0.0008487368208515,7.9485874524118945,False,monitor,0.0,9411.76,Balanced spend and conversion performance.
136,CMP-000052,Regional Expansion NA 2024 Social,paid_social,31648.25,176,48400.0,1.529310467403411,179.81960227272728,0.0085201130637639,0.0045625405055087,-0.0039575725582552,7.876364241289971,False,monitor,0.0,31648.25,Balanced spend and conversion performance.
137,CMP-000064,Cart Recovery US Q4 Social,paid_social,27300.34,155,42625.0,1.561335866146722,176.13122580645162,0.0073496001668085,0.0040181464679196,-0.0033314536988889,7.851206766006294,False,monitor,0.0,27300.34,Balanced spend and conversion performance.
138,CMP-000056,Creator Spark Global FY25 Social,paid_social,8711.74,59,16225.0,1.8624293195159636,147.65661016949153,0.0023453116612171,0.0015294880103694,-0.0008158236508477,7.617269120374715,False,monitor,0.0,8711.74,Balanced spend and conversion performance.
139,CMP-000025,Product Launch EMEA 2024 Social,paid_social,9592.39,63,17325.0,1.8061192257612544,152.2601587301587,0.002582393887552,0.0016331821127673,-0.0009492117747847,7.501946576801302,False,monitor,0.0,9592.39,Balanced spend and conversion performance.
140,CMP-000018,Creator Spark US 2024 Social,paid_social,10743.78,68,18700.0,1.7405419693999693,157.99676470588233,0.0028923627793703,0.0017627997407647,-0.0011295630386055,7.358344443774879,False,monitor,0.0,10743.78,Balanced spend and conversion performance.
141,CMP-000027,Brand SEM Global 2025 Social,paid_social,12824.32,78,21450.0,1.6726033037229264,164.41435897435898,0.0034524707168923,0.0020220349967595,-0.0014304357201328,7.294048556280058,False,monitor,0.0,12824.32,Balanced spend and conversion performance.
142,CMP-000021,competitor_search_emea_q4_social,paid_social,16609.08,95,26125.0,1.5729348043359417,174.8324210526316,0.0044713764421445,0.0024627349319507,-0.0020086415101937,7.159335714365631,False,monitor,0.0,16609.08,Balanced spend and conversion performance.
143,CMP-000032,Enterprise ABM Global 2025 Social,paid_social,8508.79,53,14575.0,1.71293450655146,160.54320754716983,0.0022906749294455,0.0013739468567725,-0.000916728072673,6.823701138716491,False,monitor,0.0,8508.79,Balanced spend and conversion performance.
144,CMP-000055,Regional Expansion APAC 2024,paid_search,17051.33,93,25575.0,1.4998830003290065,183.34763440860215,0.0045904357898951,0.0024108878807517,-0.0021795479091434,6.792615130318819,False,monitor,0.0,17051.33,Balanced spend and conversion performance.
145,CMP-000003,cart_recovery_emea_fy25_social,paid_social,9189.66,56,15400.0,1.6757964930149756,164.10107142857143,0.0024739738284912,0.0014517174335709,-0.0010222563949203,6.765108571767686,False,monitor,0.0,9189.66,Balanced spend and conversion performance.
146,CMP-000017,Lifecycle Winback Global 2024 Social,paid_social,27577.89,138,37950.0,1.3761023776655863,199.83978260869569,0.0074243201712589,0.0035774465327284,-0.0038468736385304,6.751872575524699,False,monitor,0.0,27577.89,Balanced spend and conversion performance.
147,CMP-000055,Regional Expansion APAC Q4 Social,paid_social,14186.67,78,21450.0,1.5119827274476674,181.88038461538463,0.0038192327347739,0.0020220349967595,-0.0017971977380143,6.588557704033297,False,monitor,0.0,14186.67,Balanced spend and conversion performance.
148,CMP-000004,Lifecycle Winback APAC 2025 Social,paid_social,19385.12,100,27500.0,1.418613864654952,193.8512,0.0052187218615447,0.0025923525599481,-0.0026263693015965,6.520810259228573,False,monitor,0.0,19385.12,Balanced spend and conversion performance.
149,CMP-000045,CART RECOVERY US FY25 SOCIAL,paid_social,8541.86,50,13750.0,1.609719662930556,170.83720000000002,0.0022995777957657,0.001296176279974,-0.0010034015157916,6.319103017052805,False,monitor,0.0,8541.86,Balanced spend and conversion performance.
150,CMP-000020,COMPETITOR SEARCH NA Q4 SOCIAL,paid_social,9965.93,56,15400.0,1.5452647168904456,177.96303571428572,0.0026829556258421,0.0014517174335709,-0.0012312381922711,6.235272090841202,False,monitor,0.0,9965.93,Balanced spend and conversion performance.
151,CMP-000033,Creator Spark APAC 2024 Social,paid_social,8338.74,48,13200.0,1.5829729671389203,173.72375,0.0022448952978231,0.0012443292287751,-0.001000566069048,6.150640664181175,False,monitor,0.0,8338.74,Balanced spend and conversion performance.
152,CMP-000074,Retargeting US 2024 Social,paid_social,8385.53,48,13200.0,1.5741402153471515,174.69854166666667,0.0022574917633545,0.0012443292287751,-0.0010131625345794,6.116139216814483,False,monitor,0.0,8385.53,Balanced spend and conversion performance.
153,CMP-000040,Retargeting APAC 2024 Social,paid_social,13677.91,71,19525.0,1.4274841697306095,192.64661971830984,0.0036822680456577,0.0018405703175631,-0.0018416977280945,6.086456206837717,False,monitor,0.0,13677.91,Balanced spend and conversion performance.
154,CMP-000026,Brand SEM Global 2024 Social,paid_social,11161.2,60,16500.0,1.4783356628319535,186.02,0.0030047375740296,0.0015554115359688,-0.0014493260380607,6.062758178430599,False,monitor,0.0,11161.2,Balanced spend and conversion performance.
155,CMP-000007,CREATOR SPARK EMEA Q4 SOCIAL,paid_social,10552.34,56,15400.0,1.4593919452936506,188.43464285714285,0.002840824686587,0.0014517174335709,-0.0013891072530161,5.886505382156864,False,monitor,0.0,10552.34,Balanced spend and conversion performance.
156,CMP-000036,LIFECYCLE WINBACK APAC Q4 SOCIAL,paid_social,39021.4,165,45375.0,1.1628234763488752,236.49333333333337,0.0105050592025265,0.0042773817239144,-0.006227677478612,5.882062636323633,False,monitor,0.0,39021.4,Balanced spend and conversion performance.
157,CMP-000021,Enterprise ABM EMEA 2025 Social,paid_social,12890.21,65,17875.0,1.3867113103665496,198.31092307692307,0.0034702091463401,0.0016850291639662,-0.0017851799823738,5.791989817475153,False,monitor,0.0,12890.21,Balanced spend and conversion performance.
158,CMP-000033,Lifecycle Winback Global 2024 Social,paid_social,8429.23,46,12650.0,1.500730197182898,183.2441304347826,0.002269256361425,0.0011924821775761,-0.0010767741838489,5.767265027659109,False,monitor,0.0,8429.23,Balanced spend and conversion performance.
159,CMP-000048,Creator Spark NA 2025 Social,paid_social,9991.8,52,14300.0,1.4311735623211037,192.15,0.0026899201602147,0.001348023331173,-0.0013418968290417,5.668757853082644,False,monitor,0.0,9991.8,Balanced spend and conversion performance.
160,CMP-000083,competitor_search_apac_2024_social,paid_social,11716.52,58,15950.0,1.3613257178752736,202.0089655172414,0.0031542368097399,0.0015035644847699,-0.00165067232497,5.534349864738562,False,monitor,0.0,11716.52,Balanced spend and conversion performance.
161,CMP-000010,product_launch_apac_2024,paid_search,12719.37,61,16775.0,1.3188546288063008,208.514262295082,0.0034242168366291,0.0015813350615683,-0.0018428817750607,5.424661469671757,False,monitor,0.0,12719.37,Balanced spend and conversion performance.
162,CMP-000071,Cart Recovery NA FY25 Social,paid_social,25080.7,106,29150.0,1.1622482626083004,236.61037735849055,0.0067520447329108,0.002747893713545,-0.0040041510193657,5.390945684125661,False,monitor,0.0,25080.7,Balanced spend and conversion performance.
163,CMP-000069,Lifecycle Winback US FY25 Social,paid_social,11019.37,54,14850.0,1.3476269514500374,204.06240740740745,0.0029665551267905,0.001399870382372,-0.0015666847444185,5.3847233564152175,False,monitor,0.0,11019.37,Balanced spend and conversion performance.
164,CMP-000035,Holiday Promo Global FY25,paid_search,10199.28,50,13750.0,1.3481343781129649,203.9856,0.0027457764258367,0.001296176279974,-0.0014496001458626,5.286133302762797,False,monitor,0.0,10199.28,Balanced spend and conversion performance.
165,CMP-000042,Brand SEM NA FY25 Social,paid_social,11803.35,56,15400.0,1.3047143395730874,210.77410714285716,0.0031776125546018,0.0014517174335709,-0.0017258951210309,5.25776801356258,False,monitor,0.0,11803.35,Balanced spend and conversion performance.
166,CMP-000071,enterprise_abm_na_q4_social,paid_social,19369.8,83,22825.0,1.1783807783250215,233.3710843373494,0.0052145975219007,0.0021516526247569,-0.0030629448971437,5.190559899065126,False,monitor,0.0,19369.8,Balanced spend and conversion performance.
167,CMP-000029,RETARGETING NA FY25 SOCIAL,paid_social,10154.88,49,13475.0,1.3269482258776075,207.2424489795918,0.0027338233788268,0.0012702527543745,-0.0014635706244522,5.176416280400743,False,monitor,0.0,10154.88,Balanced spend and conversion performance.
168,CMP-000015,Regional Expansion Global 2025 Social,paid_social,17293.61,75,20625.0,1.1926370491759672,230.58146666666667,0.0046556606599303,0.0019442644199611,-0.0027113962399691,5.1378790693273775,False,monitor,0.0,17293.61,Balanced spend and conversion performance.
169,CMP-000025,Regional Expansion APAC Q4 Social,paid_social,27499.94,110,30250.0,1.1000024000052364,249.99945454545457,0.0074033350357989,0.0028515878159429,-0.004551747219856,5.134977052142151,False,monitor,0.0,27499.94,Balanced spend and conversion performance.
170,CMP-000063,Brand Search EMEA 2025 Social,paid_social,9006.98,44,12100.0,1.3434025611248166,204.7040909090909,0.0024247940395775,0.0011406351263771,-0.0012841589132003,5.101038548963214,False,monitor,0.0,9006.98,Balanced spend and conversion performance.
171,CMP-000050,Enterprise ABM US FY25 Social,paid_social,33267.01,126,34650.0,1.0415724166373834,264.0238888888889,0.0089559039281276,0.0032663642255346,-0.005689539702593,4.98867625326035,False,monitor,0.0,33267.01,Balanced spend and conversion performance.
172,CMP-000075,Creator Spark Global 2024 Social,paid_social,9124.09,43,11825.0,1.2960196578508103,212.18813953488373,0.00245632154713,0.0011147116007777,-0.0013416099463523,4.890968055129805,False,monitor,0.0,9124.09,Balanced spend and conversion performance.
173,CMP-000017,Lifecycle Winback NA FY25 Social,paid_social,9450.78,44,12100.0,1.2803176034147443,214.79045454545457,0.0025442706671224,0.0011406351263771,-0.0014036355407453,4.859700640504087,False,monitor,0.0,9450.78,Balanced spend and conversion performance.
174,CMP-000064,Regional Expansion APAC Q4 Social,paid_social,11985.17,53,14575.0,1.2160862132118275,226.1352830188679,0.0032265608205329,0.0013739468567725,-0.0018526139637604,4.832422364111137,False,monitor,0.0,11985.17,Balanced spend and conversion performance.
175,CMP-000049,competitor_search_global_2024_social,paid_social,10162.89,46,12650.0,1.2447246796924891,220.93239130434785,0.0027359797731184,0.0011924821775761,-0.0015434975955423,4.776938764351935,False,monitor,0.0,10162.89,Balanced spend and conversion performance.
176,CMP-000076,lifecycle_winback_us_q4_social,paid_social,8387.08,39,10725.0,1.278752557505115,215.05333333333337,0.0022579090431487,0.0010110174983797,-0.001246891544769,4.704695120828578,False,monitor,0.0,8387.08,Balanced spend and conversion performance.
177,CMP-000073,Brand SEM US 2024 Social,paid_social,12601.5,54,14850.0,1.1784311391501012,233.36111111111111,0.003392484727371,0.001399870382372,-0.001992614344999,4.702440066977514,False,monitor,0.0,12601.5,Balanced spend and conversion performance.
178,CMP-000023,Lifecycle Winback US 2024 Social,paid_social,9339.97,42,11550.0,1.2366206743704744,222.38023809523807,0.0025144392000241,0.0010887880751782,-0.0014256511248459,4.63692131226282,False,monitor,0.0,9339.97,Balanced spend and conversion performance.
179,CMP-000074,Cart Recovery Global 2025 Social,paid_social,14602.42,60,16500.0,1.1299496932700197,243.37366666666668,0.0039311579441064,0.0015554115359688,-0.0023757464081376,4.621323197812998,False,monitor,0.0,14602.42,Balanced spend and conversion performance.
180,CMP-000048,Brand SEM EMEA 2025 Social,paid_social,8949.99,40,11000.0,1.2290516525716788,223.74975,0.0024094516037871,0.0010369410239792,-0.0013725105798078,4.550446779728875,False,monitor,0.0,8949.99,Balanced spend and conversion performance.
181,CMP-000065,Creator Spark Global Q4 Social,paid_social,13256.46,54,14850.0,1.120208562466903,245.49,0.0035688083235333,0.001399870382372,-0.0021689379411613,4.467359567343569,False,monitor,0.0,13256.46,Balanced spend and conversion performance.
182,CMP-000030,Regional Expansion Global FY25 Social,paid_social,21913.79,81,22275.0,1.0164832281408192,270.5406172839506,0.0058994721179079,0.002099805573558,-0.0037996665443499,4.44135954052595,False,monitor,0.0,21913.79,Balanced spend and conversion performance.
183,CMP-000083,Brand Search APAC 2025 Social,paid_social,13266.38,53,14575.0,1.0986418299490894,250.30905660377357,0.0035714789142166,0.0013739468567725,-0.0021975320574441,4.360489411980657,False,monitor,0.0,13266.38,Balanced spend and conversion performance.
184,CMP-000003,Lifecycle Winback Global FY25 Social,paid_social,12063.38,48,13200.0,1.0942206910501038,251.32041666666663,0.0032476159513132,0.0012443292287751,-0.0020032867225381,4.23847742881605,False,monitor,0.0,12063.38,Balanced spend and conversion performance.
185,CMP-000018,Lifecycle Winback Global 2024,paid_search,9260.24,38,10450.0,1.1284804713484748,243.69052631578947,0.0024929748658327,0.0009850939727802,-0.0015078808930524,4.119178964308054,False,monitor,0.0,9260.24,Balanced spend and conversion performance.
186,CMP-000061,Holiday Promotion NA 2025 Social,paid_social,10513.99,42,11550.0,1.0985363311169214,250.33309523809524,0.0028305003768386,0.0010887880751782,-0.0017417123016604,4.114397852673942,False,monitor,0.0,10513.99,Balanced spend and conversion performance.
187,CMP-000072,Creator Spark NA 2024 Social,paid_social,14965.65,55,15125.0,1.0106477166043573,272.1027272727273,0.0040289440987327,0.0014257939079714,-0.0026031501907612,4.042180992863355,False,monitor,0.0,14965.65,Balanced spend and conversion performance.
188,CMP-000063,Holiday Promo NA 2024 Social,paid_social,13892.36,51,14025.0,1.0095476938403554,272.39921568627454,0.00374000072429,0.0013220998055735,-0.0024179009187164,3.964789974707905,False,monitor,0.0,13892.36,Balanced spend and conversion performance.
190,CMP-000064,Retargeting NA 2024 Social,paid_social,9528.85,36,9900.0,1.038950135640712,264.6902777777778,0.0025652881081149,0.0009332469215813,-0.0016320411865335,3.735243243263858,False,monitor,0.0,9528.85,Balanced spend and conversion performance.
