source_system,files_checked,rows_checked,total_issues,rejected_rows,failed_files,rejection_rate,files,rows,accepted,rejected,failed,latest_watermark,source_health_status
campaign_mapping,1,500,0,0,0,0.0,1,500,500,0,0,,healthy
crm_leads,2,1300,2,0,0,0.0,2,1300,1300,0,0,2025-04-28T00:00:00,healthy
facebook_ads,2,1807,8,16,2,0.008854454897620365,2,1807,1791,16,0,2025-04-21T00:00:00,healthy
google_ads,3,2510,12,23,3,0.009163346613545816,3,2510,2487,23,0,2025-04-29T00:00:00,healthy
marketing_targets,1,120,0,0,0,0.0,1,120,120,0,0,,healthy
region_mapping,1,10,0,0,0,0.0,1,10,10,0,0,,healthy
sales_conversions,1,600,2,0,0,0.0,1,600,600,0,0,2025-07-12T00:00:00,healthy
tiktok_ads,2,1205,7,4,2,0.0033195020746887966,2,1205,1201,4,0,2025-04-26T00:00:00,healthy
website_analytics,3,3000,6,0,0,0.0,3,3000,3000,0,0,2025-04-29T00:00:00,healthy
