target_month,region,channel,budget_owner,target_spend,actual_spend,spend_variance,spend_attainment,spend_status,target_revenue,actual_revenue,revenue_variance,revenue_attainment,revenue_status,target_leads,actual_leads,lead_variance,lead_attainment
2025-01-01,,paid_search,finance,298024.74,3344108.93,3046084.1900000004,11.2209104854852,over_target,526461.8,0.0,-526461.8,0.0,below_target,1930,326.0,-1604.0,0.1689119170984456
2025-01-01,,paid_social,growth,399718.3,8093259.91,7693541.61,20.247409012797263,over_target,637680.6,0.0,-637680.6,0.0,below_target,14742,399.0,-14343.0,0.027065527065527
2025-01-01,,email,growth,344091.04,0.0,-344091.04,0.0,under_target,443075.03,0.0,-443075.03,0.0,below_target,2796,180.0,-2616.0,0.0643776824034334
2025-01-01,,organic,growth,138697.1,0.0,-138697.1,0.0,under_target,138055.37,0.0,-138055.37,0.0,below_target,7275,165.0,-7110.0,0.022680412371134
2025-01-01,,direct,growth,351312.2,0.0,-351312.2,0.0,under_target,168074.61,0.0,-168074.61,0.0,below_target,4595,91.0,-4504.0,0.0198041349292709
2025-01-01,LATAM,paid_search,regional_marketing,153037.16,3344108.93,3191071.77,21.851613882536764,over_target,528608.6,0.0,-528608.6,0.0,below_target,7234,326.0,-6908.0,0.0450649709704174
2025-01-01,LATAM,paid_social,growth,195017.9,8093259.91,7898242.01,41.50008747914935,over_target,415985.54,0.0,-415985.54,0.0,below_target,4870,399.0,-4471.0,0.0819301848049281
2025-01-01,LATAM,email,regional_marketing,256719.52,0.0,-256719.52,0.0,under_target,274686.22,0.0,-274686.22,0.0,below_target,6997,180.0,-6817.0,0.025725310847506
2025-01-01,LATAM,organic,finance,413779.63,0.0,-413779.63,0.0,under_target,1007623.09,0.0,-1007623.09,0.0,below_target,7343,165.0,-7178.0,0.0224703799536973
2025-01-01,LATAM,direct,growth,285669.57,0.0,-285669.57,0.0,under_target,463169.76,0.0,-463169.76,0.0,below_target,9497,91.0,-9406.0,0.009581973254712
2025-01-01,EMEA,paid_search,finance,81251.21,3344108.93,3262857.72,41.157650821446225,over_target,161854.14,0.0,-161854.14,0.0,below_target,7875,326.0,-7549.0,0.0413968253968254
2025-01-01,EMEA,paid_social,finance,413867.13,8093259.91,7679392.78,19.5552130704364,over_target,688076.4,0.0,-688076.4,0.0,below_target,547,399.0,-148.0,0.7294332723948812
2025-01-01,EMEA,email,finance,296639.47,0.0,-296639.47,0.0,under_target,990624.84,0.0,-990624.84,0.0,below_target,3188,180.0,-3008.0,0.0564617314930991
2025-01-01,EMEA,organic,finance,111275.03,0.0,-111275.03,0.0,under_target,397351.49,0.0,-397351.49,0.0,below_target,5882,165.0,-5717.0,0.028051683100986
2025-01-01,EMEA,direct,finance,398540.04,0.0,-398540.04,0.0,under_target,964577.59,0.0,-964577.59,0.0,below_target,4380,91.0,-4289.0,0.0207762557077625
2025-01-01,APAC,paid_search,growth,80342.72,3344108.93,3263766.21,41.623048485289026,over_target,536496.23,0.0,-536496.23,0.0,below_target,9581,326.0,-9255.0,0.0340256758167205
2025-01-01,APAC,paid_social,finance,128347.59,8093259.91,7964912.32,63.057357835858085,over_target,942914.43,0.0,-942914.43,0.0,below_target,14321,399.0,-13922.0,0.0278611828782906
2025-01-01,APAC,email,regional_marketing,80061.96,0.0,-80061.96,0.0,under_target,381591.14,0.0,-381591.14,0.0,below_target,12146,180.0,-11966.0,0.0148196937263296
2025-01-01,APAC,organic,finance,35077.63,0.0,-35077.63,0.0,under_target,128698.06,0.0,-128698.06,0.0,below_target,7854,165.0,-7689.0,0.0210084033613445
2025-01-01,APAC,direct,growth,161233.5,0.0,-161233.5,0.0,under_target,590043.26,0.0,-590043.26,0.0,below_target,9216,91.0,-9125.0,0.0098741319444444
2025-01-01,,paid_search,regional_marketing,23614.02,3344108.93,3320494.91,141.6154017825004,over_target,467849.47,0.0,-467849.47,0.0,below_target,5794,326.0,-5468.0,0.0562651018294787
2025-01-01,,paid_social,finance,78727.21,8093259.91,8014532.7,102.80130478394952,over_target,944556.05,0.0,-944556.05,0.0,below_target,8978,399.0,-8579.0,0.0444419692581866
2025-01-01,,email,regional_marketing,330329.94,0.0,-330329.94,0.0,under_target,921794.89,0.0,-921794.89,0.0,below_target,10621,180.0,-10441.0,0.0169475567272384
2025-01-01,,organic,growth,252619.87,0.0,-252619.87,0.0,under_target,811840.94,0.0,-811840.94,0.0,below_target,11340,165.0,-11175.0,0.0145502645502645
2025-01-01,,direct,finance,351073.53,0.0,-351073.53,0.0,under_target,429011.04,0.0,-429011.04,0.0,below_target,12921,91.0,-12830.0,0.0070427985450042
2025-01-01,LATAM,paid_search,regional_marketing,117450.26,3344108.93,3226658.6700000004,28.47255450945788,over_target,628751.51,0.0,-628751.51,0.0,below_target,3784,326.0,-3458.0,0.0861522198731501
2025-01-01,LATAM,paid_social,growth,124561.21,8093259.91,7968698.7,64.97415937112365,over_target,1117541.78,0.0,-1117541.78,0.0,below_target,12964,399.0,-12565.0,0.0307775377969762
2025-01-01,LATAM,email,regional_marketing,266004.82,0.0,-266004.82,0.0,under_target,1166775.37,0.0,-1166775.37,0.0,below_target,1739,180.0,-1559.0,0.1035077630822311
2025-01-01,LATAM,organic,finance,319805.15,0.0,-319805.15,0.0,under_target,437019.62,0.0,-437019.62,0.0,below_target,12470,165.0,-12305.0,0.0132317562149157
2025-01-01,LATAM,direct,regional_marketing,153875.72,0.0,-153875.72,0.0,under_target,896218.82,0.0,-896218.82,0.0,below_target,4203,91.0,-4112.0,0.0216512015227218
2025-01-01,EMEA,paid_search,regional_marketing,315738.97,3344108.93,3028369.96,10.59137213882721,over_target,265384.09,0.0,-265384.09,0.0,below_target,1556,326.0,-1230.0,0.2095115681233933
2025-01-01,EMEA,paid_social,regional_marketing,74231.85,8093259.91,8019028.0600000005,109.0267844597703,over_target,397653.7,0.0,-397653.7,0.0,below_target,8926,399.0,-8527.0,0.0447008738516692
2025-01-01,EMEA,email,regional_marketing,282304.96,0.0,-282304.96,0.0,under_target,1129335.23,0.0,-1129335.23,0.0,below_target,11670,180.0,-11490.0,0.0154241645244215
2025-01-01,EMEA,organic,finance,274764.48,0.0,-274764.48,0.0,under_target,290425.09,0.0,-290425.09,0.0,below_target,836,165.0,-671.0,0.1973684210526315
2025-01-01,EMEA,direct,growth,326806.7,0.0,-326806.7,0.0,under_target,552200.54,0.0,-552200.54,0.0,below_target,10588,91.0,-10497.0,0.008594635436343
2025-01-01,APAC,paid_search,regional_marketing,117042.29,3344108.93,3227066.64,28.57180024416816,over_target,416559.17,0.0,-416559.17,0.0,below_target,5029,326.0,-4703.0,0.0648240206800556
2025-01-01,APAC,paid_social,finance,193289.13,8093259.91,7899970.78,41.87126254849406,over_target,725564.43,0.0,-725564.43,0.0,below_target,2420,399.0,-2021.0,0.1648760330578512
2025-01-01,APAC,email,finance,132829.34,0.0,-132829.34,0.0,under_target,1023975.89,0.0,-1023975.89,0.0,below_target,10569,180.0,-10389.0,0.0170309395401646
2025-01-01,APAC,organic,growth,224809.36,0.0,-224809.36,0.0,under_target,533740.95,0.0,-533740.95,0.0,below_target,1786,165.0,-1621.0,0.0923852183650615
2025-01-01,APAC,direct,regional_marketing,346689.35,0.0,-346689.35,0.0,under_target,1115279.73,0.0,-1115279.73,0.0,below_target,6247,91.0,-6156.0,0.0145669921562349
2025-01-01,,paid_search,finance,308185.73,3344108.93,3035923.2,10.850953189818362,over_target,195024.96,0.0,-195024.96,0.0,below_target,13380,326.0,-13054.0,0.0243647234678624
2025-01-01,,paid_social,regional_marketing,229049.72,8093259.91,7864210.19,35.33407467164771,over_target,1044886.24,0.0,-1044886.24,0.0,below_target,5439,399.0,-5040.0,0.0733590733590733
2025-01-01,,email,finance,316737.3,0.0,-316737.3,0.0,under_target,1113052.76,0.0,-1113052.76,0.0,below_target,9977,180.0,-9797.0,0.0180414954395108
2025-01-01,,organic,growth,354177.81,0.0,-354177.81,0.0,under_target,238807.27,0.0,-238807.27,0.0,below_target,3653,165.0,-3488.0,0.0451683547768957
2025-01-01,,direct,growth,219989.32,0.0,-219989.32,0.0,under_target,852641.46,0.0,-852641.46,0.0,below_target,3742,91.0,-3651.0,0.0243185462319615
2025-01-01,LATAM,paid_search,regional_marketing,33405.41,3344108.93,3310703.52,100.10680695132912,over_target,689887.06,0.0,-689887.06,0.0,below_target,2619,326.0,-2293.0,0.1244749904543719
2025-01-01,LATAM,paid_social,regional_marketing,284563.04,8093259.91,7808696.87,28.44100874800888,over_target,956696.23,0.0,-956696.23,0.0,below_target,1378,399.0,-979.0,0.2895500725689405
2025-01-01,LATAM,email,regional_marketing,90358.26,0.0,-90358.26,0.0,under_target,348383.8,0.0,-348383.8,0.0,below_target,7802,180.0,-7622.0,0.0230710074339912
2025-01-01,LATAM,organic,growth,135146.52,0.0,-135146.52,0.0,under_target,1155255.3,0.0,-1155255.3,0.0,below_target,8127,165.0,-7962.0,0.0203026947212993
2025-01-01,LATAM,direct,regional_marketing,127381.39,0.0,-127381.39,0.0,under_target,407796.8,0.0,-407796.8,0.0,below_target,9106,91.0,-9015.0,0.0099934109378431
2025-01-01,EMEA,paid_search,finance,196037.09,3344108.93,3148071.8400000003,17.058552185201282,over_target,1163268.0,0.0,-1163268.0,0.0,below_target,12201,326.0,-11875.0,0.0267191213834931
2025-01-01,EMEA,paid_social,regional_marketing,36904.23,8093259.91,8056355.68,219.30439708401988,over_target,480444.44,0.0,-480444.44,0.0,below_target,4927,399.0,-4528.0,0.0809823421960625
2025-01-01,EMEA,email,growth,35539.21,0.0,-35539.21,0.0,under_target,1071371.1,0.0,-1071371.1,0.0,below_target,6446,180.0,-6266.0,0.0279242941358982
2025-01-01,EMEA,organic,regional_marketing,90764.37,0.0,-90764.37,0.0,under_target,158723.73,0.0,-158723.73,0.0,below_target,11145,165.0,-10980.0,0.0148048452220726
2025-01-01,EMEA,direct,finance,130881.67,0.0,-130881.67,0.0,under_target,571212.94,0.0,-571212.94,0.0,below_target,5337,91.0,-5246.0,0.0170507775904065
2025-01-01,APAC,paid_search,finance,108732.65,3344108.93,3235376.2800000003,30.755333655530332,over_target,939189.44,0.0,-939189.44,0.0,below_target,8823,326.0,-8497.0,0.0369488835996826
2025-01-01,APAC,paid_social,finance,394245.73,8093259.91,7699014.18,20.528465609507048,over_target,617319.21,0.0,-617319.21,0.0,below_target,4908,399.0,-4509.0,0.0812958435207824
2025-01-01,APAC,email,regional_marketing,205097.27,0.0,-205097.27,0.0,under_target,857614.22,0.0,-857614.22,0.0,below_target,3676,180.0,-3496.0,0.0489662676822633
2025-01-01,APAC,organic,regional_marketing,200391.01,0.0,-200391.01,0.0,under_target,330714.5,0.0,-330714.5,0.0,below_target,8895,165.0,-8730.0,0.0185497470489038
2025-01-01,APAC,direct,growth,83315.53,0.0,-83315.53,0.0,under_target,105087.08,0.0,-105087.08,0.0,below_target,3574,91.0,-3483.0,0.0254616675993284
2025-01-01,,paid_search,finance,93905.35,3344108.93,3250203.58,35.61148464917068,over_target,942940.2,0.0,-942940.2,0.0,below_target,7139,326.0,-6813.0,0.0456646589158145
2025-01-01,,paid_social,growth,396420.14,8093259.91,7696839.7700000005,20.41586461777648,over_target,497696.36,0.0,-497696.36,0.0,below_target,8148,399.0,-7749.0,0.0489690721649484
2025-01-01,,email,regional_marketing,29633.0,0.0,-29633.0,0.0,under_target,160747.34,0.0,-160747.34,0.0,below_target,2367,180.0,-2187.0,0.0760456273764258
2025-01-01,,organic,regional_marketing,269473.07,0.0,-269473.07,0.0,under_target,725638.67,0.0,-725638.67,0.0,below_target,395,165.0,-230.0,0.4177215189873418
2025-01-01,,direct,growth,200478.12,0.0,-200478.12,0.0,under_target,1139940.82,0.0,-1139940.82,0.0,below_target,4238,91.0,-4147.0,0.0214723926380368
2025-01-01,LATAM,paid_search,growth,182502.96,3344108.93,3161605.97,18.3235873544188,over_target,1001811.53,0.0,-1001811.53,0.0,below_target,2378,326.0,-2052.0,0.137089991589571
2025-01-01,LATAM,paid_social,regional_marketing,26574.75,8093259.91,8066685.16,304.54698200359366,over_target,1009671.72,0.0,-1009671.72,0.0,below_target,10941,399.0,-10542.0,0.036468330134357
2025-01-01,LATAM,email,growth,96818.01,0.0,-96818.01,0.0,under_target,475491.85,0.0,-475491.85,0.0,below_target,10939,180.0,-10759.0,0.0164548861870372
2025-01-01,LATAM,organic,growth,79362.77,0.0,-79362.77,0.0,under_target,682118.59,0.0,-682118.59,0.0,below_target,2999,165.0,-2834.0,0.0550183394464821
2025-01-01,LATAM,direct,growth,160847.47,0.0,-160847.47,0.0,under_target,1132557.77,0.0,-1132557.77,0.0,below_target,3695,91.0,-3604.0,0.0246278755074424
2025-01-01,EMEA,paid_search,regional_marketing,88356.0,3344108.93,3255752.93,37.848124971705374,over_target,290018.07,0.0,-290018.07,0.0,below_target,10409,326.0,-10083.0,0.0313190508214045
2025-01-01,EMEA,paid_social,growth,262824.12,8093259.91,7830435.79,30.7934443383659,over_target,110918.92,0.0,-110918.92,0.0,below_target,11219,399.0,-10820.0,0.0355646670826276
2025-01-01,EMEA,email,finance,178605.65,0.0,-178605.65,0.0,under_target,174495.17,0.0,-174495.17,0.0,below_target,5337,180.0,-5157.0,0.0337268128161888
2025-01-01,EMEA,organic,finance,338757.38,0.0,-338757.38,0.0,under_target,410185.32,0.0,-410185.32,0.0,below_target,7460,165.0,-7295.0,0.0221179624664879
2025-01-01,EMEA,direct,regional_marketing,167195.3,0.0,-167195.3,0.0,under_target,407984.8,0.0,-407984.8,0.0,below_target,4643,91.0,-4552.0,0.0195993969416325
2025-01-01,APAC,paid_search,regional_marketing,207222.69,3344108.93,3136886.24,16.137754654183865,over_target,455182.55,0.0,-455182.55,0.0,below_target,10485,326.0,-10159.0,0.0310920362422508
2025-01-01,APAC,paid_social,growth,175521.51,8093259.91,7917738.4,46.10978967762982,over_target,640384.62,0.0,-640384.62,0.0,below_target,3056,399.0,-2657.0,0.1305628272251308
2025-01-01,APAC,email,finance,177826.5,0.0,-177826.5,0.0,under_target,1141400.58,0.0,-1141400.58,0.0,below_target,12232,180.0,-12052.0,0.0147155003270111
2025-01-01,APAC,organic,finance,34039.66,0.0,-34039.66,0.0,under_target,520813.94,0.0,-520813.94,0.0,below_target,1587,165.0,-1422.0,0.1039697542533081
2025-01-01,APAC,direct,finance,88564.15,0.0,-88564.15,0.0,under_target,623076.36,0.0,-623076.36,0.0,below_target,13997,91.0,-13906.0,0.0065013931556762
2025-01-01,,paid_search,finance,170542.87,3344108.93,3173566.06,19.608611781893902,over_target,578874.17,0.0,-578874.17,0.0,below_target,14568,326.0,-14242.0,0.022377814387699
2025-01-01,,paid_social,regional_marketing,95867.38,8093259.91,7997392.53,84.42141539697862,over_target,812866.42,0.0,-812866.42,0.0,below_target,7520,399.0,-7121.0,0.0530585106382978
2025-01-01,,email,growth,234682.3,0.0,-234682.3,0.0,under_target,659675.11,0.0,-659675.11,0.0,below_target,5281,180.0,-5101.0,0.0340844537019503
2025-01-01,,organic,growth,41621.56,0.0,-41621.56,0.0,under_target,374492.42,0.0,-374492.42,0.0,below_target,6619,165.0,-6454.0,0.0249282368937906
2025-01-01,,direct,regional_marketing,357249.95,0.0,-357249.95,0.0,under_target,1196074.9,0.0,-1196074.9,0.0,below_target,7862,91.0,-7771.0,0.0115746629356397
2025-01-01,LATAM,paid_search,finance,262899.38,3344108.93,3081209.5500000003,12.720109609996038,over_target,259303.26,0.0,-259303.26,0.0,below_target,635,326.0,-309.0,0.5133858267716536
2025-01-01,LATAM,paid_social,regional_marketing,228275.87,8093259.91,7864984.04,35.45385638000197,over_target,117276.39,0.0,-117276.39,0.0,below_target,310,399.0,89.0,1.2870967741935484
2025-01-01,LATAM,email,growth,206972.12,0.0,-206972.12,0.0,under_target,1148712.67,0.0,-1148712.67,0.0,below_target,3821,180.0,-3641.0,0.0471080868882491
2025-01-01,LATAM,organic,finance,343111.64,0.0,-343111.64,0.0,under_target,917164.42,0.0,-917164.42,0.0,below_target,9171,165.0,-9006.0,0.0179914949296696
2025-01-01,LATAM,direct,regional_marketing,226996.13,0.0,-226996.13,0.0,under_target,621282.11,0.0,-621282.11,0.0,below_target,2044,91.0,-1953.0,0.0445205479452054
2025-01-01,EMEA,paid_search,finance,86199.73,3344108.93,3257909.2,38.794888684686136,over_target,110134.66,0.0,-110134.66,0.0,below_target,4835,326.0,-4509.0,0.067425025853154
2025-01-01,EMEA,paid_social,growth,23239.75,8093259.91,8070020.16,348.2507303219699,over_target,240399.98,0.0,-240399.98,0.0,below_target,12680,399.0,-12281.0,0.0314668769716088
2025-01-01,EMEA,email,growth,212655.54,0.0,-212655.54,0.0,under_target,745353.79,0.0,-745353.79,0.0,below_target,4455,180.0,-4275.0,0.0404040404040404
2025-01-01,EMEA,organic,regional_marketing,139263.01,0.0,-139263.01,0.0,under_target,148155.09,0.0,-148155.09,0.0,below_target,3870,165.0,-3705.0,0.0426356589147286
2025-01-01,EMEA,direct,growth,112680.92,0.0,-112680.92,0.0,under_target,1117323.95,0.0,-1117323.95,0.0,below_target,10558,91.0,-10467.0,0.008619056639515
2025-01-01,APAC,paid_search,regional_marketing,233950.33,3344108.93,3110158.6,14.294097939507076,over_target,537454.86,0.0,-537454.86,0.0,below_target,8190,326.0,-7864.0,0.0398046398046398
2025-01-01,APAC,paid_social,finance,282062.9,8093259.91,7811197.01,28.69310324044743,over_target,980582.69,0.0,-980582.69,0.0,below_target,11111,399.0,-10712.0,0.035910359103591
2025-01-01,APAC,email,regional_marketing,220971.97,0.0,-220971.97,0.0,under_target,133573.8,0.0,-133573.8,0.0,below_target,12329,180.0,-12149.0,0.0145997242274312
2025-01-01,APAC,organic,growth,354443.44,0.0,-354443.44,0.0,under_target,834118.91,0.0,-834118.91,0.0,below_target,8345,165.0,-8180.0,0.0197723187537447
2025-01-01,APAC,direct,regional_marketing,247043.37,0.0,-247043.37,0.0,under_target,892594.2,0.0,-892594.2,0.0,below_target,4093,91.0,-4002.0,0.0222330808697776
2025-01-01,,paid_search,finance,136919.41,3344108.93,3207189.52,24.423921560865622,over_target,1184775.44,0.0,-1184775.44,0.0,below_target,9032,326.0,-8706.0,0.0360938883968113
2025-01-01,,paid_social,regional_marketing,356022.58,8093259.91,7737237.33,22.73243430234116,over_target,110656.35,0.0,-110656.35,0.0,below_target,9187,399.0,-8788.0,0.0434309350168716
2025-01-01,,email,regional_marketing,335816.01,0.0,-335816.01,0.0,under_target,458715.79,0.0,-458715.79,0.0,below_target,4091,180.0,-3911.0,0.0439990222439501
2025-01-01,,organic,finance,41914.18,0.0,-41914.18,0.0,under_target,1136351.58,0.0,-1136351.58,0.0,below_target,9180,165.0,-9015.0,0.0179738562091503
2025-01-01,,direct,regional_marketing,191151.84,0.0,-191151.84,0.0,under_target,764461.37,0.0,-764461.37,0.0,below_target,6459,91.0,-6368.0,0.0140888682458584
2025-01-01,LATAM,paid_search,finance,397694.39,3344108.93,2946414.54,8.408740515550145,over_target,241242.46,0.0,-241242.46,0.0,below_target,11647,326.0,-11321.0,0.0279900403537391
2025-01-01,LATAM,paid_social,finance,182034.01,8093259.91,7911225.9,44.46015285824885,over_target,796227.19,0.0,-796227.19,0.0,below_target,13653,399.0,-13254.0,0.029224346297517
2025-01-01,LATAM,email,finance,264841.71,0.0,-264841.71,0.0,under_target,837457.53,0.0,-837457.53,0.0,below_target,6750,180.0,-6570.0,0.0266666666666666
2025-01-01,LATAM,organic,regional_marketing,318676.66,0.0,-318676.66,0.0,under_target,163719.82,0.0,-163719.82,0.0,below_target,12243,165.0,-12078.0,0.013477088948787
2025-01-01,LATAM,direct,regional_marketing,167764.97,0.0,-167764.97,0.0,under_target,834287.06,0.0,-834287.06,0.0,below_target,12020,91.0,-11929.0,0.0075707154742096
2025-01-01,EMEA,paid_search,finance,84782.66,3344108.93,3259326.27,39.44331222917516,over_target,200057.24,0.0,-200057.24,0.0,below_target,6935,326.0,-6609.0,0.0470079307858687
2025-01-01,EMEA,paid_social,regional_marketing,314797.28,8093259.91,7778462.63,25.70943405228914,over_target,402313.69,0.0,-402313.69,0.0,below_target,860,399.0,-461.0,0.463953488372093
2025-01-01,EMEA,email,regional_marketing,337124.0,0.0,-337124.0,0.0,under_target,306129.9,0.0,-306129.9,0.0,below_target,5665,180.0,-5485.0,0.0317740511915269
2025-01-01,EMEA,organic,finance,181019.42,0.0,-181019.42,0.0,under_target,438465.76,0.0,-438465.76,0.0,below_target,9613,165.0,-9448.0,0.0171642567356704
2025-01-01,EMEA,direct,regional_marketing,111569.36,0.0,-111569.36,0.0,under_target,1143822.4,0.0,-1143822.4,0.0,below_target,13701,91.0,-13610.0,0.0066418509597839
2025-01-01,APAC,paid_search,growth,240880.38,3344108.93,3103228.5500000003,13.882861401995465,over_target,931037.63,0.0,-931037.63,0.0,below_target,13740,326.0,-13414.0,0.02372634643377
2025-01-01,APAC,paid_social,finance,156276.29,8093259.91,7936983.62,51.78814975707447,over_target,342577.26,0.0,-342577.26,0.0,below_target,601,399.0,-202.0,0.6638935108153078
2025-01-01,APAC,email,finance,365736.19,0.0,-365736.19,0.0,under_target,1152476.81,0.0,-1152476.81,0.0,below_target,4933,180.0,-4753.0,0.0364889519562132
2025-01-01,APAC,organic,growth,268250.98,0.0,-268250.98,0.0,under_target,80402.92,0.0,-80402.92,0.0,below_target,13632,165.0,-13467.0,0.0121038732394366
2025-01-01,APAC,direct,growth,96316.05,0.0,-96316.05,0.0,under_target,115020.39,0.0,-115020.39,0.0,below_target,6351,91.0,-6260.0,0.01432845221225
