model,layer,field_name,business_definition,recommended_visibility
dim_campaign,warehouse,campaign_hash,Field `campaign_hash` from the modeled analytics layer.,show
dim_campaign,warehouse,campaign_id,Field `campaign_id` from the modeled analytics layer.,show
dim_campaign,warehouse,campaign_key,Field `campaign_key` from the modeled analytics layer.,hide
dim_campaign,warehouse,canonical_campaign_name,Field `canonical_campaign_name` from the modeled analytics layer.,show
dim_campaign,warehouse,canonical_channel,Field `canonical_channel` from the modeled analytics layer.,show
dim_campaign,warehouse,first_seen_date,Field `first_seen_date` from the modeled analytics layer.,show
dim_campaign,warehouse,is_current,Field `is_current` from the modeled analytics layer.,show
dim_campaign,warehouse,mapping_rank,Field `mapping_rank` from the modeled analytics layer.,show
dim_campaign,warehouse,name_rank,Field `name_rank` from the modeled analytics layer.,show
dim_campaign,warehouse,owner_team,Field `owner_team` from the modeled analytics layer.,show
dim_campaign,warehouse,r,Field `r` from the modeled analytics layer.,show
dim_campaign,warehouse,valid_from,Field `valid_from` from the modeled analytics layer.,show
dim_channel,warehouse,channel_group,Field `channel_group` from the modeled analytics layer.,show
dim_channel,warehouse,channel_key,Field `channel_key` from the modeled analytics layer.,hide
dim_channel,warehouse,channel_name,Field `channel_name` from the modeled analytics layer.,show
dim_channel,warehouse,paid_flag,Field `paid_flag` from the modeled analytics layer.,show
dim_customer,warehouse,acquisition_channel,Field `acquisition_channel` from the modeled analytics layer.,show
dim_customer,warehouse,customer_hash,Field `customer_hash` from the modeled analytics layer.,show
dim_customer,warehouse,customer_id,Field `customer_id` from the modeled analytics layer.,show
dim_customer,warehouse,customer_key,Field `customer_key` from the modeled analytics layer.,hide
dim_customer,warehouse,customer_segment,Field `customer_segment` from the modeled analytics layer.,show
dim_customer,warehouse,first_conversion_date,Field `first_conversion_date` from the modeled analytics layer.,show
dim_customer,warehouse,first_lead_date,Field `first_lead_date` from the modeled analytics layer.,show
dim_customer,warehouse,is_current,Field `is_current` from the modeled analytics layer.,show
dim_customer,warehouse,lifetime_value,Field `lifetime_value` from the modeled analytics layer.,show
dim_customer,warehouse,valid_from,Field `valid_from` from the modeled analytics layer.,show
dim_customer,warehouse,valid_to,Field `valid_to` from the modeled analytics layer.,show
dim_date,warehouse,cast,Field `cast` from the modeled analytics layer.,show
dim_date,warehouse,date,Field `date` from the modeled analytics layer.,show
dim_date,warehouse,date_actual,Field `date_actual` from the modeled analytics layer.,show
dim_date,warehouse,date_key,Field `date_key` from the modeled analytics layer.,hide
dim_date,warehouse,day_of_week,Field `day_of_week` from the modeled analytics layer.,show
dim_date,warehouse,generate_series,Field `generate_series` from the modeled analytics layer.,show
dim_date,warehouse,integer,Field `integer` from the modeled analytics layer.,show
dim_date,warehouse,is_weekend,Field `is_weekend` from the modeled analytics layer.,show
dim_date,warehouse,max_date,Field `max_date` from the modeled analytics layer.,show
dim_date,warehouse,min,Field `min` from the modeled analytics layer.,show
dim_date,warehouse,min_date,Field `min_date` from the modeled analytics layer.,show
dim_date,warehouse,month_name,Field `month_name` from the modeled analytics layer.,show
dim_date,warehouse,month_start_date,Field `month_start_date` from the modeled analytics layer.,show
dim_date,warehouse,quarter_number,Field `quarter_number` from the modeled analytics layer.,show
dim_date,warehouse,spine,Field `spine` from the modeled analytics layer.,show
dim_date,warehouse,week_start_date,Field `week_start_date` from the modeled analytics layer.,show
dim_date,warehouse,year_number,Field `year_number` from the modeled analytics layer.,show
dim_device,warehouse,device,Field `device` from the modeled analytics layer.,show
dim_product,warehouse,distinct,Field `distinct` from the modeled analytics layer.,show
dim_product,warehouse,product_family,Field `product_family` from the modeled analytics layer.,show
dim_product,warehouse,product_key,Field `product_key` from the modeled analytics layer.,hide
dim_product,warehouse,product_name,Field `product_name` from the modeled analytics layer.,show
dim_region,warehouse,country,Field `country` from the modeled analytics layer.,show
dim_region,warehouse,region,Field `region` from the modeled analytics layer.,show
dim_region,warehouse,region_key,Field `region_key` from the modeled analytics layer.,hide
dim_region,warehouse,regions,Field `regions` from the modeled analytics layer.,show
dim_region,warehouse,sales_territory,Field `sales_territory` from the modeled analytics layer.,show
dim_sales_rep,warehouse,active_flag,Field `active_flag` from the modeled analytics layer.,show
dim_sales_rep,warehouse,distinct,Field `distinct` from the modeled analytics layer.,show
dim_sales_rep,warehouse,rep_id,Field `rep_id` from the modeled analytics layer.,show
dim_sales_rep,warehouse,sales_rep_key,Field `sales_rep_key` from the modeled analytics layer.,hide
dim_sales_rep,warehouse,sales_team,Field `sales_team` from the modeled analytics layer.,show
dim_source_system,warehouse,business_owner,Field `business_owner` from the modeled analytics layer.,show
dim_source_system,warehouse,ingestion_method,Field `ingestion_method` from the modeled analytics layer.,show
dim_source_system,warehouse,source_system_key,Field `source_system_key` from the modeled analytics layer.,hide
dim_source_system,warehouse,source_system_name,Field `source_system_name` from the modeled analytics layer.,show
fact_attribution,warehouse,attributed_revenue,Field `attributed_revenue` from the modeled analytics layer.,show
fact_attribution,warehouse,attribution_model,Field `attribution_model` from the modeled analytics layer.,show
fact_attribution,warehouse,attribution_weight,Field `attribution_weight` from the modeled analytics layer.,show
fact_attribution,warehouse,fact_attribution_key,Field `fact_attribution_key` from the modeled analytics layer.,hide
fact_campaign_performance,warehouse,attributed_revenue,Field `attributed_revenue` from the modeled analytics layer.,show
fact_campaign_performance,warehouse,campaign_id,Field `campaign_id` from the modeled analytics layer.,show
fact_campaign_performance,warehouse,coalesce,Field `coalesce` from the modeled analytics layer.,show
fact_campaign_performance,warehouse,conversions,Field `conversions` from the modeled analytics layer.,show
fact_campaign_performance,warehouse,fact_campaign_performance_key,Field `fact_campaign_performance_key` from the modeled analytics layer.,hide
fact_campaign_performance,warehouse,impressions,Field `impressions` from the modeled analytics layer.,show
fact_campaign_performance,warehouse,load_batch_id,Field `load_batch_id` from the modeled analytics layer.,show
fact_campaign_performance,warehouse,revenue,Field `revenue` from the modeled analytics layer.,show
fact_campaign_performance,warehouse,target,Field `target` from the modeled analytics layer.,show
fact_conversions,warehouse,c,Field `c` from the modeled analytics layer.,show
fact_conversions,warehouse,coalesce,Field `coalesce` from the modeled analytics layer.,show
fact_conversions,warehouse,load_batch_id,Field `load_batch_id` from the modeled analytics layer.,show
fact_conversions,warehouse,target,Field `target` from the modeled analytics layer.,show
fact_leads,warehouse,coalesce,Field `coalesce` from the modeled analytics layer.,show
fact_leads,warehouse,l,Field `l` from the modeled analytics layer.,show
fact_leads,warehouse,load_batch_id,Field `load_batch_id` from the modeled analytics layer.,show
fact_leads,warehouse,target,Field `target` from the modeled analytics layer.,show
fact_revenue,warehouse,fact_revenue_key,Field `fact_revenue_key` from the modeled analytics layer.,hide
fact_revenue,warehouse,load_batch_id,Field `load_batch_id` from the modeled analytics layer.,show
fact_revenue,warehouse,revenue,Field `revenue` from the modeled analytics layer.,show
fact_revenue,warehouse,revenue_date,Field `revenue_date` from the modeled analytics layer.,show
fact_revenue,warehouse,source_system_key,Field `source_system_key` from the modeled analytics layer.,hide
fact_sessions,warehouse,coalesce,Field `coalesce` from the modeled analytics layer.,show
fact_sessions,warehouse,load_batch_id,Field `load_batch_id` from the modeled analytics layer.,show
fact_sessions,warehouse,s,Field `s` from the modeled analytics layer.,show
fact_sessions,warehouse,target,Field `target` from the modeled analytics layer.,show
fact_targets,warehouse,fact_target_key,Field `fact_target_key` from the modeled analytics layer.,hide
fact_targets,warehouse,load_batch_id,Field `load_batch_id` from the modeled analytics layer.,show
metricflow_time_spine,warehouse,date_actual,Field `date_actual` from the modeled analytics layer.,show
metricflow_time_spine,warehouse,date_day,Field `date_day` from the modeled analytics layer.,show
mart_attribution_model_comparison,reporting,attributed_revenue,Field `attributed_revenue` from the modeled analytics layer.,show
mart_attribution_model_comparison,reporting,date_trunc,Field `date_trunc` from the modeled analytics layer.,show
mart_attribution_model_comparison,reporting,first_touch_revenue,Field `first_touch_revenue` from the modeled analytics layer.,show
mart_attribution_model_comparison,reporting,last_touch_revenue,Field `last_touch_revenue` from the modeled analytics layer.,show
mart_attribution_model_comparison,reporting,last_vs_first_revenue_delta,Field `last_vs_first_revenue_delta` from the modeled analytics layer.,show
mart_attribution_model_comparison,reporting,linear_revenue,Field `linear_revenue` from the modeled analytics layer.,show
mart_attribution_model_comparison,reporting,linear_weighted_conversions,Field `linear_weighted_conversions` from the modeled analytics layer.,show
mart_attribution_model_comparison,reporting,position_based_revenue,Field `position_based_revenue` from the modeled analytics layer.,show
mart_attribution_model_comparison,reporting,reporting_month,Field `reporting_month` from the modeled analytics layer.,show
mart_attribution_model_comparison,reporting,time_decay_revenue,Field `time_decay_revenue` from the modeled analytics layer.,show
mart_attribution_model_comparison,reporting,time_decay_vs_linear_revenue_delta,Field `time_decay_vs_linear_revenue_delta` from the modeled analytics layer.,show
mart_attribution_model_comparison,reporting,u_shaped_revenue,Field `u_shaped_revenue` from the modeled analytics layer.,show
mart_attribution_model_comparison,reporting,u_shaped_vs_linear_revenue_delta,Field `u_shaped_vs_linear_revenue_delta` from the modeled analytics layer.,show
mart_attribution_model_comparison,reporting,weighted_conversions,Field `weighted_conversions` from the modeled analytics layer.,show
mart_attribution_summary,reporting,attributed_conversions,Field `attributed_conversions` from the modeled analytics layer.,show
mart_attribution_summary,reporting,attributed_revenue,Field `attributed_revenue` from the modeled analytics layer.,show
mart_attribution_summary,reporting,avg_touchpoint_weight,Field `avg_touchpoint_weight` from the modeled analytics layer.,show
mart_attribution_summary,reporting,date_trunc,Field `date_trunc` from the modeled analytics layer.,show
mart_attribution_summary,reporting,reporting_month,Field `reporting_month` from the modeled analytics layer.,show
mart_attribution_summary,reporting,weighted_conversions,Field `weighted_conversions` from the modeled analytics layer.,show
mart_budget_efficiency,reporting,budget_recommendation,Field `budget_recommendation` from the modeled analytics layer.,show
mart_budget_efficiency,reporting,contribution_after_marketing,Field `contribution_after_marketing` from the modeled analytics layer.,show
mart_budget_efficiency,reporting,reporting_month,Field `reporting_month` from the modeled analytics layer.,show
mart_campaign_action_center,reporting,action_priority,Field `action_priority` from the modeled analytics layer.,show
mart_campaign_action_center,reporting,action_reason,Field `action_reason` from the modeled analytics layer.,show
mart_campaign_action_center,reporting,c,Field `c` from the modeled analytics layer.,show
mart_campaign_action_center,reporting,campaign_name,Field `campaign_name` from the modeled analytics layer.,show
mart_campaign_action_center,reporting,channel,Field `channel` from the modeled analytics layer.,show
mart_campaign_action_center,reporting,current_cac,Field `current_cac` from the modeled analytics layer.,show
mart_campaign_action_center,reporting,current_roas,Field `current_roas` from the modeled analytics layer.,show
mart_campaign_action_center,reporting,data_quality_status,Field `data_quality_status` from the modeled analytics layer.,show
mart_campaign_action_center,reporting,generated_at,Field `generated_at` from the modeled analytics layer.,show
mart_campaign_action_center,reporting,metric_to_monitor,Field `metric_to_monitor` from the modeled analytics layer.,show
mart_campaign_action_center,reporting,performance_status,Field `performance_status` from the modeled analytics layer.,show
mart_campaign_action_center,reporting,recommended_action,Field `recommended_action` from the modeled analytics layer.,show
mart_campaign_action_center,reporting,reporting_month,Field `reporting_month` from the modeled analytics layer.,show
mart_campaign_action_center,reporting,supporting_metric,Field `supporting_metric` from the modeled analytics layer.,show
mart_campaign_action_center,reporting,target_cac,Field `target_cac` from the modeled analytics layer.,show
mart_campaign_action_center,reporting,target_conversions,Field `target_conversions` from the modeled analytics layer.,show
mart_campaign_action_center,reporting,target_month,Field `target_month` from the modeled analytics layer.,show
mart_campaign_action_center,reporting,target_revenue,Field `target_revenue` from the modeled analytics layer.,show
mart_campaign_action_center,reporting,target_roas,Field `target_roas` from the modeled analytics layer.,show
mart_campaign_action_center,reporting,target_spend,Field `target_spend` from the modeled analytics layer.,show
mart_campaign_performance,reporting,attributed_revenue,Field `attributed_revenue` from the modeled analytics layer.,show
mart_campaign_performance,reporting,attributed_roas,Field `attributed_roas` from the modeled analytics layer.,show
mart_campaign_performance,reporting,clicks,Field `clicks` from the modeled analytics layer.,show
mart_campaign_performance,reporting,cpc,Field `cpc` from the modeled analytics layer.,show
mart_campaign_performance,reporting,ctr,Field `ctr` from the modeled analytics layer.,show
mart_campaign_performance,reporting,impressions,Field `impressions` from the modeled analytics layer.,show
mart_campaign_performance,reporting,platform_conversions,Field `platform_conversions` from the modeled analytics layer.,show
mart_campaign_performance,reporting,reporting_month,Field `reporting_month` from the modeled analytics layer.,show
mart_campaign_performance,reporting,spend,Paid media spend from source platforms.,show
mart_campaign_performance,reporting,waste_budget_flag,Field `waste_budget_flag` from the modeled analytics layer.,show
mart_channel_performance,reporting,attributed_revenue,Field `attributed_revenue` from the modeled analytics layer.,show
mart_channel_performance,reporting,booked_revenue,Sales conversion revenue booked in the sales system.,show
mart_channel_performance,reporting,cac,Spend divided by closed-won conversions.,show
mart_channel_performance,reporting,channel_group,Field `channel_group` from the modeled analytics layer.,show
mart_channel_performance,reporting,channel_key,Field `channel_key` from the modeled analytics layer.,hide
mart_channel_performance,reporting,channel_name,Field `channel_name` from the modeled analytics layer.,show
mart_channel_performance,reporting,clicks,Field `clicks` from the modeled analytics layer.,show
mart_channel_performance,reporting,closed_won_conversions,Field `closed_won_conversions` from the modeled analytics layer.,show
mart_channel_performance,reporting,coalesce,Field `coalesce` from the modeled analytics layer.,show
mart_channel_performance,reporting,cost_per_lead,Field `cost_per_lead` from the modeled analytics layer.,show
mart_channel_performance,reporting,cpc,Field `cpc` from the modeled analytics layer.,show
mart_channel_performance,reporting,ctr,Field `ctr` from the modeled analytics layer.,show
mart_channel_performance,reporting,date_trunc,Field `date_trunc` from the modeled analytics layer.,show
mart_channel_performance,reporting,gross_margin,Gross margin from closed-won conversions.,show
mart_channel_performance,reporting,impressions,Field `impressions` from the modeled analytics layer.,show
mart_channel_performance,reporting,leads,Field `leads` from the modeled analytics layer.,show
mart_channel_performance,reporting,mer,Field `mer` from the modeled analytics layer.,show
mart_channel_performance,reporting,platform_conversions,Field `platform_conversions` from the modeled analytics layer.,show
mart_channel_performance,reporting,qualified_leads,Field `qualified_leads` from the modeled analytics layer.,show
mart_channel_performance,reporting,reporting_month,Field `reporting_month` from the modeled analytics layer.,show
mart_channel_performance,reporting,roas,Booked revenue divided by spend.,show
mart_channel_performance,reporting,spend,Paid media spend from source platforms.,show
mart_customer_value,reporting,acquisition_channel,Field `acquisition_channel` from the modeled analytics layer.,show
mart_customer_value,reporting,average_order_value,Field `average_order_value` from the modeled analytics layer.,show
mart_customer_value,reporting,c,Field `c` from the modeled analytics layer.,show
mart_customer_value,reporting,ca,Field `ca` from the modeled analytics layer.,show
mart_customer_value,reporting,channel_spend_reference,Field `channel_spend_reference` from the modeled analytics layer.,show
mart_customer_value,reporting,customer_key,Field `customer_key` from the modeled analytics layer.,hide
mart_customer_value,reporting,first_revenue_date,Field `first_revenue_date` from the modeled analytics layer.,show
mart_customer_value,reporting,lifetime_margin,Field `lifetime_margin` from the modeled analytics layer.,show
mart_customer_value,reporting,lifetime_revenue,Field `lifetime_revenue` from the modeled analytics layer.,show
mart_customer_value,reporting,purchase_count,Field `purchase_count` from the modeled analytics layer.,show
mart_customer_value,reporting,spend,Paid media spend from source platforms.,show
mart_data_quality_monitoring,reporting,coalesce,Field `coalesce` from the modeled analytics layer.,show
mart_data_quality_monitoring,reporting,failed_count,Field `failed_count` from the modeled analytics layer.,show
mart_data_quality_monitoring,reporting,failed_loads,Field `failed_loads` from the modeled analytics layer.,show
mart_data_quality_monitoring,reporting,last_failed_at,Field `last_failed_at` from the modeled analytics layer.,show
mart_data_quality_monitoring,reporting,last_ingestion_time,Field `last_ingestion_time` from the modeled analytics layer.,show
mart_data_quality_monitoring,reporting,monitoring_status,"Operational status derived from freshness, load, and quality signals.",show
mart_data_quality_monitoring,reporting,rejected_rows,Field `rejected_rows` from the modeled analytics layer.,show
mart_data_quality_monitoring,reporting,source_rows,Field `source_rows` from the modeled analytics layer.,show
mart_data_quality_monitoring,reporting,source_system,Field `source_system` from the modeled analytics layer.,show
mart_data_quality_monitoring,reporting,timestamp,Field `timestamp` from the modeled analytics layer.,show
mart_funnel_performance,reporting,avg_conversion_lag_days,Field `avg_conversion_lag_days` from the modeled analytics layer.,show
mart_funnel_performance,reporting,channel_key,Field `channel_key` from the modeled analytics layer.,hide
mart_funnel_performance,reporting,coalesce,Field `coalesce` from the modeled analytics layer.,show
mart_funnel_performance,reporting,conversions,Field `conversions` from the modeled analytics layer.,show
mart_funnel_performance,reporting,date_trunc,Field `date_trunc` from the modeled analytics layer.,show
mart_funnel_performance,reporting,disqualified_leads,Field `disqualified_leads` from the modeled analytics layer.,show
mart_funnel_performance,reporting,lead_to_mql_rate,Marketing-qualified leads divided by total leads.,show
mart_funnel_performance,reporting,mql_to_sql_rate,Field `mql_to_sql_rate` from the modeled analytics layer.,show
mart_funnel_performance,reporting,mqls,Field `mqls` from the modeled analytics layer.,show
mart_funnel_performance,reporting,new_leads,Field `new_leads` from the modeled analytics layer.,show
mart_funnel_performance,reporting,reporting_month,Field `reporting_month` from the modeled analytics layer.,show
mart_funnel_performance,reporting,revenue,Field `revenue` from the modeled analytics layer.,show
mart_funnel_performance,reporting,sales_accepted_leads,Field `sales_accepted_leads` from the modeled analytics layer.,show
mart_funnel_performance,reporting,sales_qualified_leads,Field `sales_qualified_leads` from the modeled analytics layer.,show
mart_funnel_performance,reporting,sals,Field `sals` from the modeled analytics layer.,show
mart_funnel_performance,reporting,sql_to_close_rate,Field `sql_to_close_rate` from the modeled analytics layer.,show
mart_funnel_performance,reporting,sqls,Field `sqls` from the modeled analytics layer.,show
mart_funnel_performance,reporting,total_leads,Field `total_leads` from the modeled analytics layer.,show
mart_ga4_funnel,reporting,add_to_carts,Field `add_to_carts` from the modeled analytics layer.,show
mart_ga4_funnel,reporting,checkouts,Field `checkouts` from the modeled analytics layer.,show
mart_ga4_funnel,reporting,event_date,Field `event_date` from the modeled analytics layer.,show
mart_ga4_funnel,reporting,item_views,Field `item_views` from the modeled analytics layer.,show
mart_ga4_funnel,reporting,leads,Field `leads` from the modeled analytics layer.,show
mart_ga4_funnel,reporting,page_views,Field `page_views` from the modeled analytics layer.,show
mart_ga4_funnel,reporting,purchase_revenue,Field `purchase_revenue` from the modeled analytics layer.,show
mart_ga4_funnel,reporting,purchases,Field `purchases` from the modeled analytics layer.,show
mart_ga4_funnel,reporting,sessions,Field `sessions` from the modeled analytics layer.,show
mart_ga4_live_funnel,reporting,add_to_cart_sessions,Field `add_to_cart_sessions` from the modeled analytics layer.,show
mart_ga4_live_funnel,reporting,add_to_cart_users,Field `add_to_cart_users` from the modeled analytics layer.,show
mart_ga4_live_funnel,reporting,begin_checkout_sessions,Field `begin_checkout_sessions` from the modeled analytics layer.,show
mart_ga4_live_funnel,reporting,begin_checkout_users,Field `begin_checkout_users` from the modeled analytics layer.,show
mart_ga4_live_funnel,reporting,cart_to_checkout_dropoff_rate,Field `cart_to_checkout_dropoff_rate` from the modeled analytics layer.,show
mart_ga4_live_funnel,reporting,cart_to_checkout_rate,Field `cart_to_checkout_rate` from the modeled analytics layer.,show
mart_ga4_live_funnel,reporting,checkout_to_purchase_dropoff_rate,Field `checkout_to_purchase_dropoff_rate` from the modeled analytics layer.,show
mart_ga4_live_funnel,reporting,checkout_to_purchase_rate,Field `checkout_to_purchase_rate` from the modeled analytics layer.,show
mart_ga4_live_funnel,reporting,data_origin,Field `data_origin` from the modeled analytics layer.,show
mart_ga4_live_funnel,reporting,engaged_sessions,Field `engaged_sessions` from the modeled analytics layer.,show
mart_ga4_live_funnel,reporting,null,Field `null` from the modeled analytics layer.,show
mart_ga4_live_funnel,reporting,overall_purchase_session_rate,Field `overall_purchase_session_rate` from the modeled analytics layer.,show
mart_ga4_live_funnel,reporting,purchase_sessions,Field `purchase_sessions` from the modeled analytics layer.,show
mart_ga4_live_funnel,reporting,purchase_transactions,Field `purchase_transactions` from the modeled analytics layer.,show
mart_ga4_live_funnel,reporting,purchase_users,Field `purchase_users` from the modeled analytics layer.,show
mart_ga4_live_funnel,reporting,purchase_value,Field `purchase_value` from the modeled analytics layer.,show
mart_ga4_live_funnel,reporting,session_date,Field `session_date` from the modeled analytics layer.,show
mart_ga4_live_funnel,reporting,sessions,Field `sessions` from the modeled analytics layer.,show
mart_ga4_live_funnel,reporting,users,Field `users` from the modeled analytics layer.,show
mart_ga4_live_funnel,reporting,view_item_sessions,Field `view_item_sessions` from the modeled analytics layer.,show
mart_ga4_live_funnel,reporting,view_item_users,Field `view_item_users` from the modeled analytics layer.,show
mart_ga4_live_funnel,reporting,view_to_cart_dropoff_rate,Field `view_to_cart_dropoff_rate` from the modeled analytics layer.,show
mart_ga4_live_funnel,reporting,view_to_cart_rate,Field `view_to_cart_rate` from the modeled analytics layer.,show
mart_ga4_live_funnel,reporting,view_to_purchase_rate,Field `view_to_purchase_rate` from the modeled analytics layer.,show
mart_marketing_variance_drivers,reporting,aov,Field `aov` from the modeled analytics layer.,show
mart_marketing_variance_drivers,reporting,cac_absolute_variance,Field `cac_absolute_variance` from the modeled analytics layer.,show
mart_marketing_variance_drivers,reporting,cac_percentage_variance,Field `cac_percentage_variance` from the modeled analytics layer.,show
mart_marketing_variance_drivers,reporting,conversions,Field `conversions` from the modeled analytics layer.,show
mart_marketing_variance_drivers,reporting,current_aov,Field `current_aov` from the modeled analytics layer.,show
mart_marketing_variance_drivers,reporting,current_cac,Field `current_cac` from the modeled analytics layer.,show
mart_marketing_variance_drivers,reporting,current_clicks,Field `current_clicks` from the modeled analytics layer.,show
mart_marketing_variance_drivers,reporting,current_conversions,Field `current_conversions` from the modeled analytics layer.,show
mart_marketing_variance_drivers,reporting,current_cpc,Field `current_cpc` from the modeled analytics layer.,show
mart_marketing_variance_drivers,reporting,current_ctr,Field `current_ctr` from the modeled analytics layer.,show
mart_marketing_variance_drivers,reporting,current_impressions,Field `current_impressions` from the modeled analytics layer.,show
mart_marketing_variance_drivers,reporting,current_revenue,Field `current_revenue` from the modeled analytics layer.,show
mart_marketing_variance_drivers,reporting,current_roas,Field `current_roas` from the modeled analytics layer.,show
mart_marketing_variance_drivers,reporting,current_spend,Field `current_spend` from the modeled analytics layer.,show
mart_marketing_variance_drivers,reporting,primary_driver,Field `primary_driver` from the modeled analytics layer.,show
mart_marketing_variance_drivers,reporting,prior_aov,Field `prior_aov` from the modeled analytics layer.,show
mart_marketing_variance_drivers,reporting,prior_cac,Field `prior_cac` from the modeled analytics layer.,show
mart_marketing_variance_drivers,reporting,prior_clicks,Field `prior_clicks` from the modeled analytics layer.,show
mart_marketing_variance_drivers,reporting,prior_conversions,Field `prior_conversions` from the modeled analytics layer.,show
mart_marketing_variance_drivers,reporting,prior_cpc,Field `prior_cpc` from the modeled analytics layer.,show
mart_marketing_variance_drivers,reporting,prior_ctr,Field `prior_ctr` from the modeled analytics layer.,show
mart_marketing_variance_drivers,reporting,prior_impressions,Field `prior_impressions` from the modeled analytics layer.,show
mart_marketing_variance_drivers,reporting,prior_revenue,Field `prior_revenue` from the modeled analytics layer.,show
mart_marketing_variance_drivers,reporting,prior_roas,Field `prior_roas` from the modeled analytics layer.,show
mart_marketing_variance_drivers,reporting,prior_spend,Field `prior_spend` from the modeled analytics layer.,show
mart_marketing_variance_drivers,reporting,recommended_investigation,Field `recommended_investigation` from the modeled analytics layer.,show
mart_marketing_variance_drivers,reporting,reporting_month,Field `reporting_month` from the modeled analytics layer.,show
mart_marketing_variance_drivers,reporting,revenue,Field `revenue` from the modeled analytics layer.,show
mart_marketing_variance_drivers,reporting,roas_absolute_variance,Field `roas_absolute_variance` from the modeled analytics layer.,show
mart_marketing_variance_drivers,reporting,roas_percentage_variance,Field `roas_percentage_variance` from the modeled analytics layer.,show
mart_marketing_variance_drivers,reporting,secondary_driver,Field `secondary_driver` from the modeled analytics layer.,show
mart_marketing_variance_drivers,reporting,severity,Field `severity` from the modeled analytics layer.,show
mart_marketing_variance_drivers,reporting,spend_absolute_variance,Field `spend_absolute_variance` from the modeled analytics layer.,show
mart_marketing_variance_drivers,reporting,spend_percentage_variance,Field `spend_percentage_variance` from the modeled analytics layer.,show
mart_target_vs_actual,reporting,actual_leads,Field `actual_leads` from the modeled analytics layer.,show
mart_target_vs_actual,reporting,actual_platform_conversions,Field `actual_platform_conversions` from the modeled analytics layer.,show
mart_target_vs_actual,reporting,actual_revenue,Field `actual_revenue` from the modeled analytics layer.,show
mart_target_vs_actual,reporting,actual_spend,Field `actual_spend` from the modeled analytics layer.,show
mart_target_vs_actual,reporting,conversion_attainment,Field `conversion_attainment` from the modeled analytics layer.,show
mart_target_vs_actual,reporting,date_trunc,Field `date_trunc` from the modeled analytics layer.,show
mart_target_vs_actual,reporting,lead_attainment,Field `lead_attainment` from the modeled analytics layer.,show
mart_target_vs_actual,reporting,revenue_attainment,Actual revenue divided by target revenue.,show
mart_target_vs_actual,reporting,revenue_variance,Field `revenue_variance` from the modeled analytics layer.,show
mart_target_vs_actual,reporting,spend_attainment,Field `spend_attainment` from the modeled analytics layer.,show
mart_target_vs_actual,reporting,spend_variance,Field `spend_variance` from the modeled analytics layer.,show
mart_target_vs_actual,reporting,t,Field `t` from the modeled analytics layer.,show
mart_target_vs_actual,reporting,target_month,Field `target_month` from the modeled analytics layer.,show
