kpi_name,business_definition,formula,grain,owner_team,certified_status,source_marts,dashboard_pages,target_or_guardrail,dax_measure_name,quality_dependencies,refresh_sla,interpretation_notes
ROAS,Revenue returned for each marketing dollar spent.,booked_revenue / spend,"month, channel, campaign",revenue_operations,certified,"mart_channel_performance, mart_campaign_performance","Executive, Channels, Optimization",>= 3.0x for scale decisions,ROAS,"spend non-null, revenue reconciled, campaign mapping current",daily by 8:00 AM local,Use booked revenue for executive reporting; platform conversions are a diagnostic input.
CAC,Marketing spend required to create one closed-won conversion.,spend / closed_won_conversions,"month, channel",revenue_operations,certified,mart_channel_performance,"Executive, Channels, Planning",Below product-level payback threshold,CAC,"closed-won conversions loaded, no orphan conversion spike",daily by 8:00 AM local,Do not compare CAC across channels without checking conversion lag.
Marketing Efficiency Ratio,Gross margin generated per marketing dollar spent.,gross_margin / spend,"month, channel",growth_finance,certified,"mart_channel_performance, mart_budget_efficiency","Executive, Targets, Planning",>= 1.0x margin coverage,Marketing Efficiency Ratio,"gross margin present, spend validated",daily by 8:00 AM local,Preferred for budget decisions when margin varies by product.
Lead to Close Rate,Share of captured leads that become closed-won conversions.,closed_won_conversions / leads,"month, channel",sales_operations,certified,"mart_channel_performance, mart_funnel_performance","Executive, Funnel, Diagnostics",Stable or improving month over month,Lead to Close Rate,"lead IDs unique, conversion joins valid",daily by 8:00 AM local,"A falling rate may be caused by source mix, handoff issues, or late-arriving revenue."
Attribution Coverage,Share of journey records with usable attribution identifiers.,1 - missing_attribution_records / measurable_records,channel,analytics_engineering,certified,mart_journey_quality,"Diagnostics, Governance",>= 90.0%,Attribution Coverage,"attribution_id populated, session campaign mapping valid",daily by 8:00 AM local,Coverage below target should be shown before ROI conclusions.
Target Attainment,Actual performance divided by monthly business target.,actual_metric / target_metric,"month, channel, region, budget_owner",growth_finance,certified,"mart_target_vs_actual, mart_budget_pacing","Targets, Executive",Revenue attainment >= 100% with spend attainment <= 105%,Revenue Attainment,"target file loaded, month alignment valid",daily by 8:00 AM local,Spend attainment alone is not success; pair it with revenue and lead attainment.
Forecast ROAS,Expected revenue efficiency over the next three planning months.,forecast_booked_revenue / forecast_spend,"forecast_month, channel",growth_finance,candidate,mart_performance_forecast,Planning,>= current channel ROAS * 0.85,Forecast ROAS,three months of history preferred,daily by 8:00 AM local,Uses a simple rolling trend for local scenario planning; replace with a production forecasting service if needed.
Data Product Score,"Operating-health score for source reliability, quality, attribution, and BI readiness.",weighted operational score by domain,scorecard_domain,data_product_owner,certified,mart_data_product_scorecard,Governance,">= 90 healthy, 70-89 watch",Data Product Score,"source health, quality, action center, reconciliation marts",daily by 8:00 AM local,Use this as the release gate for executive-facing dashboard changes.
Open Critical Actions,Count of P0/P1 actions requiring owner-team follow-up.,count actions where priority in P0/P1,"owner_team, priority",marketing_operations,certified,mart_action_center,"Action Center, Governance",0 overdue P0/P1 actions,Open Critical Actions,"action center generated from quality, forecast, anomaly, and pacing marts",daily by 8:00 AM local,Prioritize operational trust issues before budget-expansion decisions.
